timestamp,actual_qd_0,actual_qd_1,actual_qd_2,actual_qd_3,actual_qd_4,actual_qd_5,actual_TCP_pose_0,actual_TCP_pose_1,actual_TCP_pose_2,actual_TCP_pose_3,actual_TCP_pose_4,actual_TCP_pose_5
1740180684.2590113,0.0,0.0,-0.0,0.0,0.0,0.0,0.20653465696932383,-0.1469459020867333,0.24873255599938085,-0.3065819303656145,2.6733093905215437,0.24739171947991173
1740180684.2669663,0.0,0.0,-0.0,0.0,0.0,0.0,0.20653861222579348,-0.14694135294063973,0.24872716108473708,-0.30665839796508393,2.673312094573899,0.24740953659993276
1740180684.2749968,0.0,0.0,-0.0,0.0,0.0,0.0,0.20653975688203988,-0.14693805754705888,0.24872389979144477,-0.30668589787459305,2.6733374149911757,0.24744622338541417
1740180684.2834404,0.0,0.0,-0.0,0.0,0.0,0.0,0.2065343965618429,-0.14693698369153174,0.24872009346024798,-0.30669011882850244,2.673325985842592,0.24742887471419664
1740180684.2914758,0.0,0.0,-0.0,0.0,0.0,0.0,0.20654077105829047,-0.14694303820880844,0.24873296714482723,-0.3066676756449936,2.6732942781101756,0.2474009535368709
1740180684.2994776,0.0,0.0,-0.0,0.0,0.0,0.0,0.20653550319312167,-0.14693857642763203,0.24872254907289082,-0.3066716646580663,2.673328080145103,0.24740943927163786
1740180684.3071306,0.0,0.0,-0.0,0.0,0.0,0.0,0.20653664663819088,-0.1469392835823671,0.24872960412288825,-0.306660053478294,2.673284885538252,0.24742438664409316
1740180684.3152227,0.0,0.0,-0.0,0.0,0.0,0.0,0.20653857477261237,-0.1469423007837015,0.2487293861188298,-0.3066268386118031,2.673302861548587,0.2474165250729536
1740180684.3233914,0.0,0.0,-0.0,0.0,0.0,0.0,0.20653705373288528,-0.14694500848728992,0.24872817039933737,-0.3066106711351948,2.673305440539054,0.2474086246288588
1740180684.3313837,0.0,0.0,-0.0,0.0,0.0,0.0,0.20653583058635738,-0.1469412785896852,0.24871883339464676,-0.30662503856931983,2.6733531057633853,0.24743812174091956
1740180684.3393862,0.0,0.0,-0.0,0.0,0.0,0.0,0.2065346839899668,-0.1469445425021221,0.24872418546952613,-0.3066046378491926,2.6733174926052232,0.24741543368576868
1740180684.347382,0.0,0.0,-0.0,0.0,0.0,0.0,0.20654381970166374,-0.1469380603511001,0.24872160689993972,-0.30665336324138104,2.6733325640897814,0.24743951787614363
1740180684.35538,0.0,0.0,-0.0,0.0,0.0,0.0,0.20653599213167934,-0.14694431184644458,0.24872618102006228,-0.3066322268058351,2.6733281666614293,0.24741323694539005
1740180684.363384,0.0,0.0,-0.0,0.0,0.0,0.0,0.20654064139547573,-0.1469382137479347,0.24872617202228126,-0.3066663539592311,2.6733160721779172,0.24742764262719041
1740180684.371035,0.0,0.0,-0.0,0.0,0.0,0.0,0.2065388645936805,-0.1469389299898711,0.2487357632090851,-0.3066784387706494,2.673273353636994,0.24738678138880482
1740180684.3790243,0.0,0.0,-0.0,0.0,0.0,0.0,0.20653815388021513,-0.1469371362801572,0.24871623644817042,-0.3066659174840245,2.6733453741877984,0.2474634873395453
1740180684.387404,0.0,0.0,-0.0,0.0,0.0,0.0,0.20653347424293522,-0.1469421965037584,0.2487231428701691,-0.3066462353688581,2.6733205807242095,0.247395590571134
1740180684.3954492,0.0,0.0,-0.0,0.0,0.0,0.0,0.20653741931114106,-0.1469412880263103,0.24871865029428805,-0.30662647369107104,2.673345497161581,0.24743935594442354
1740180684.403443,0.0,0.0,-0.0,0.0,0.0,0.0,0.2065382649093791,-0.14694345804229492,0.24872572827069944,-0.30666794476078657,2.673301814704328,0.24737780734245757
1740180684.4113336,0.0,0.0,-0.0,0.0,0.0,0.0,0.20653652816936585,-0.14693739555144386,0.24872359917715933,-0.30667394871487985,2.6733317504059517,0.24743424201981062
1740180684.4193318,0.0,0.0,-0.0,0.0,0.0,0.0,0.20653981211404163,-0.14694127926838838,0.24873688534588922,-0.3066588733209865,2.6732718733923493,0.24739495589504426
1740180684.4272957,0.0,0.0,-0.0,0.0,0.0,0.0,0.20653683877252674,-0.14694352628908053,0.2487276786659185,-0.30663213205833195,2.6733150718184744,0.24741805269559752
1740180684.4344077,0.0,0.0,-0.0,0.0,0.0,0.0,0.20653903584530264,-0.14693868269037888,0.2487266375108702,-0.3067034079004699,2.6733067035736275,0.24741558097944205
1740180684.4424,0.0,0.0,-0.0,0.0,0.0,0.0,0.20653890185065082,-0.14693787122148738,0.24872212857828774,-0.3066695033183885,2.673329500814698,0.2474337493341756
1740180684.450399,0.0,0.0,-0.0,0.0,0.0,0.0,0.20653190767143553,-0.14694267232621874,0.2487176106218141,-0.3066389032821294,2.673346157756603,0.24740741766085003
1740180684.4583998,0.0,0.0,-0.0,0.0,0.0,0.0,0.20653897781039032,-0.14694269362254783,0.24873178508292096,-0.30662801680465585,2.673286951930518,0.24740326421786923
1740180684.4673998,0.0,0.0,-0.0,0.0,0.0,0.0,0.2065358428263999,-0.14694501869610446,0.24873360913119852,-0.30665727017393407,2.6732837746869405,0.24737033063288363
1740180684.4754002,0.0,0.0,-0.0,0.0,0.0,0.0,0.20653617522692322,-0.1469390211236809,0.24871563466290128,-0.30668371224440816,2.673353760237748,0.24741497391927741
1740180684.4834034,0.0,0.0,-0.0,0.0,0.0,0.0,0.20653533088055748,-0.14694334626353556,0.24872171555970524,-0.3066353303233865,2.673336510316567,0.24740324607944575
1740180684.491402,0.0,0.0,-0.0,0.0,0.0,0.0,0.20653450225442446,-0.14694449619126085,0.2487322920701891,-0.3066066838951722,2.6732997601278,0.24740651150063891
1740180684.4994073,0.0,0.0,-0.0,0.0,0.0,0.0,0.20654065328407917,-0.14694301873384955,0.2487257657372709,-0.30666956698757897,2.6733187351791416,0.24741264488669815
1740180684.5064168,0.0,0.0,-0.0,0.0,0.0,0.0,0.20653486433841003,-0.14694019698508357,0.24872084677102196,-0.3066479681790523,2.67331831795182,0.2474441410254757
1740180684.515616,0.0,0.0,-0.0,0.0,0.0,0.0,0.2065387064344311,-0.1469400004395321,0.24872208614321656,-0.30666013498934364,2.6733201583497483,0.24743646435553107
1740180684.5229497,0.0,0.0,-0.0,0.0,0.0,0.0,0.2065386485296622,-0.1469400967245887,0.248721673844208,-0.30664116570635586,2.6733468921458763,0.2473966436651392
1740180684.5310864,0.0,0.0,-0.0,0.0,0.0,0.0,0.20653757839644696,-0.14694451904552833,0.24872914309455663,-0.30660446109986106,2.6733034265225877,0.24743003055453622
1740180684.5389366,0.0,0.0,-0.0,0.0,0.0,0.0,0.20653241926004434,-0.1469400209648073,0.24872361018276118,-0.3066437008598688,2.673309579210416,0.24743528034039533
1740180684.5471044,0.0,0.0,-0.0,0.0,0.0,0.0,0.2065387126336723,-0.1469356709811475,0.24872220549812318,-0.30669793440530735,2.673319888187675,0.24744985887497875
1740180684.555256,0.0,0.0,-0.0,0.0,0.0,0.0,0.20653188248881815,-0.14694445465969314,0.2487243432722559,-0.3066085372164062,2.6733319716049424,0.24742543759890384
1740180684.5632737,0.0,0.0,-0.0,0.0,0.0,0.0,0.20653016222329412,-0.14694737313869827,0.24873243437531029,-0.3066361868536633,2.673296145889003,0.24737143645071602
1740180684.5712748,0.0,0.0,-0.0,0.0,0.0,0.0,0.2065372636500939,-0.14694334985034121,0.24873891627138262,-0.3066425776461414,2.67327278417298,0.2474164016996938
1740180684.5792744,0.0,0.0,-0.0,0.0,0.0,0.0,0.2065355548774614,-0.1469422885873018,0.2487196586819586,-0.30662246433056833,2.673357678978057,0.2474227347595651
1740180684.587275,0.0,0.0,-0.0,0.0,0.0,0.0,0.20653706798968016,-0.14693734381342816,0.24871819466698242,-0.3066506780571884,2.6733458681160585,0.2474359990748283
1740180684.5954576,0.0,0.0,-0.0,0.0,0.0,0.0,0.20653795703100017,-0.1469402939569723,0.2487326386693003,-0.30663782736733414,2.673289828011923,0.24741742394175043
1740180684.6034544,0.0,0.0,-0.0,0.0,0.0,0.0,0.20653365913977434,-0.14694465130731676,0.2487187023493009,-0.30666819759690467,2.6733278657312796,0.24740565854162658
1740180684.611048,0.0,0.0,-0.0,0.0,0.0,0.0,0.20653636835028494,-0.14693690464607187,0.24872341393526656,-0.30668115970415616,2.6733013170291273,0.2474146575216953
1740180684.6190445,0.0,0.0,-0.0,0.0,0.0,0.0,0.20653859347894651,-0.1469381252604005,0.2487213295149972,-0.30669010443556355,2.6733206264592684,0.24742098757662423
1740180684.6270452,0.0,0.0,-0.0,0.0,0.0,0.0,0.20653918035424018,-0.14694025733071758,0.2487297765552408,-0.30665528852303825,2.6732930829771053,0.24743255253251392
1740180684.6350453,0.0,0.0,-0.0,0.0,0.0,0.0,0.20653691671441998,-0.1469425897278865,0.24871708084337174,-0.30666487133517334,2.6733550869758314,0.24742597566529012
1740180684.6430457,0.0,0.0,-0.0,0.0,0.0,0.0,0.20653839605802948,-0.14694237989252787,0.24871810692299598,-0.3066471118709844,2.673352318849539,0.24741293067512182
1740180684.651046,0.0,0.0,-0.0,0.0,0.0,0.0,0.20653525262167005,-0.14694085435689114,0.2487274906956711,-0.3066506830551125,2.673310413642651,0.24741850995052686
1740180684.6590855,0.0,0.0,-0.0,0.0,0.0,0.0,0.20653352662644642,-0.14694537712341182,0.24871991800471185,-0.30660412444325996,2.6733452133496054,0.24741111453129327
1740180684.667045,0.0,0.0,-0.0,0.0,0.0,0.0,0.20653452747163034,-0.14694096693901573,0.24872988461997092,-0.30662224657529596,2.6732897979268437,0.24744762818148291
1740180684.6750448,0.0,0.0,-0.0,0.0,0.0,0.0,0.2065338067494159,-0.14694436442655942,0.24872910373748472,-0.3066728418005966,2.6732922731117017,0.24739276766205082
1740180684.6830482,0.0,0.0,-0.0,0.0,0.0,0.0,0.20654003178851,-0.1469447510283154,0.24873225327581142,-0.30662499223817086,2.6732974560963685,0.24738902275921187
1740180684.6910415,0.0,0.0,-0.0,0.0,0.0,0.0,0.2065379166672419,-0.1469379854341733,0.24872135523816075,-0.3066477819413047,2.673337492216419,0.24743573235990485
1740180684.6990793,0.0,0.0,-0.0,0.0,0.0,0.0,0.2065359769897403,-0.1469405290670806,0.24872101599329016,-0.3066322200562826,2.673328622711838,0.24742678864933926
1740180684.7065794,0.0,0.0,-0.0,0.0,0.0,0.0,0.206534800480363,-0.14694681866228365,0.24872471102227828,-0.3066299135909779,2.6733429017770014,0.24737444433969646
1740180684.7146344,0.0,0.0,-0.0,0.0,0.0,0.0,0.20653668876919873,-0.1469422431261964,0.2487233995659936,-0.306645016460605,2.673315481486171,0.24741468534667646
1740180684.7226176,0.0,0.0,-0.0,0.0,0.0,0.0,0.2065418025613973,-0.14694531717751522,0.24873397123986585,-0.30663771183138194,2.6732973710798307,0.24741114144689952
1740180684.730609,0.0,0.0,-0.0,0.0,0.0,0.0,0.2065429425915644,-0.14693897993544827,0.24873145648359213,-0.30669854485697273,2.673287295890209,0.2474033860981011
1740180684.7387156,0.0,0.0,-0.0,0.0,0.0,0.0,0.2065379842907083,-0.14693984838614138,0.24872106349695117,-0.30664458258325233,2.6733495448861664,0.24742227256323251
1740180684.7467144,0.0,0.0,-0.0,0.0,0.0,0.0,0.20653119499824008,-0.14694579377078543,0.24872331548717963,-0.3066503676961371,2.6733463413060865,0.2473782967402612
1740180684.7547138,0.0,0.0,-0.0,0.0,0.0,0.0,0.2065366867313835,-0.1469414229176671,0.24872110519320467,-0.30663436250557813,2.6733381141512225,0.24741835140807794
1740180684.7627106,0.0,0.0,-0.0,0.0,0.0,0.0,0.20653518284375316,-0.1469391637743798,0.2487205894677582,-0.3066302500433284,2.6733411260712745,0.24746503495384947
1740180684.770703,0.0,0.0,-0.0,0.0,0.0,0.0,0.20653793477915577,-0.1469384902871127,0.2487291796320481,-0.3066902597402802,2.6733004344305473,0.24742548385448318
1740180684.7787075,0.0,0.0,-0.0,0.0,0.0,0.0,0.20654075333962302,-0.14694363219991066,0.24873850932017944,-0.3066153783257902,2.673270059978393,0.24737547838918572
1740180684.7867117,0.0,0.0,-0.0,0.0,0.0,0.0,0.20653874571224753,-0.14693436351708186,0.24872204927018848,-0.3066748034640405,2.6733192164381037,0.24743605029925247
1740180684.7948742,0.0,0.0,-0.0,0.0,0.0,0.0,0.20653561813793367,-0.14694500962182894,0.24873047341424886,-0.3066354380476603,2.6732861503552803,0.2473791681210076
1740180684.8028493,0.0,0.0,-0.0,0.0,0.0,0.0,0.206536189198278,-0.14694351471981015,0.2487290879361358,-0.30658562957093954,2.6733151531657393,0.2474002894406123
1740180684.8113666,0.0,0.0,-0.0,0.0,0.0,0.0,0.20653988493076933,-0.14693974410267885,0.24872433508219716,-0.3066183373350095,2.67334752515445,0.24742190043779644
1740180684.8193583,0.0,0.0,-0.0,0.0,0.0,0.0,0.2065366914227951,-0.1469406684803623,0.2487242206255055,-0.30665400739042625,2.6733148193259617,0.24741672876786439
1740180684.8273747,0.0,0.0,-0.0,0.0,0.0,0.0,0.2065332811830521,-0.1469453236856417,0.24872935076914893,-0.30658653430669236,2.6733151761470717,0.2473990691837386
1740180684.835356,0.0,0.0,-0.0,0.0,0.0,0.0,0.20653491863088558,-0.1469411041528456,0.24872509283768401,-0.3066452881714906,2.67331130815252,0.24741447250651494
1740180684.8433757,0.0,0.0,-0.0,0.0,0.0,0.0,0.20653527854536616,-0.1469419582072009,0.24872172728550307,-0.30664309564249925,2.67333276153486,0.24742352110441934
1740180684.8513527,0.0,0.0,-0.0,0.0,0.0,0.0,0.20653122852980327,-0.14694444176611046,0.24872879551079208,-0.30663241176339584,2.673308086533666,0.2473852557678005
1740180684.8583515,0.0,0.0,-0.0,0.0,0.0,0.0,0.206533012898102,-0.14694527263541948,0.24872566029378831,-0.30658034042572196,2.6733286357356696,0.24740659877094417
1740180684.8672407,0.0,0.0,-0.0,0.0,0.0,0.0,0.20653643286718462,-0.14693893749550355,0.24872217551838546,-0.3066581714517862,2.6733066733579554,0.2474405541943905
1740180684.8743603,0.0,0.0,-0.0,0.0,0.0,0.0,0.20653664522698933,-0.14694767429528371,0.24872705031141978,-0.3066182371581543,2.673329175065085,0.2473726378243708
1740180684.883289,0.0,0.0,-0.0,0.0,0.0,0.0,0.20654057864694536,-0.14694095586774197,0.24872576989686568,-0.3066900914913532,2.6733202621753187,0.24737953429251294
1740180684.8913586,0.0,0.0,-0.0,0.0,0.0,0.0,0.20653499797799368,-0.14693741088572013,0.2487199405318586,-0.30669869789053067,2.673328767770693,0.24742372019386485
1740180684.8984187,0.0,0.0,-0.0,0.0,0.0,0.0,0.20653952156554783,-0.1469387875295312,0.24871925166229378,-0.3066807855498491,2.673327623373224,0.2474291971921272
1740180684.9071343,0.0,0.0,-0.0,0.0,0.0,0.0,0.20654091345870979,-0.1469407432083313,0.2487292866342181,-0.30666482057370364,2.6733024381464774,0.2473907798795422
1740180684.9152718,0.0,0.0,-0.0,0.0,0.0,0.0,0.2065346163214453,-0.14694182538809109,0.248725584248565,-0.30663997224450107,2.673319166037753,0.24741733360896392
1740180684.9232678,0.0,0.0,-0.0,0.0,0.0,0.0,0.20653620993616997,-0.14694374608256597,0.248733537631433,-0.3066441194519045,2.673274383457031,0.247395392175039
1740180684.9305253,0.0,0.0,-0.0,0.0,0.0,0.0,0.20653234987874125,-0.14694328266600076,0.24872466934713777,-0.30665321573445675,2.673326750597314,0.24741459543494346
1740180684.9385226,0.0,0.0,-0.0,0.0,0.0,0.0,0.2065342416299572,-0.1469472014061023,0.24871607403008109,-0.3066023031196303,2.6733738363017845,0.2473969639772091
1740180684.9466465,0.0,0.0,-0.0,0.0,0.0,0.0,0.20653302694107742,-0.14694229939345446,0.24872454997922555,-0.30661484052253407,2.673323158788516,0.2474212273520979
1740180684.9555187,0.0,0.0,-0.0,0.0,0.0,0.0,0.20653584047674933,-0.14694324716044352,0.2487258026296139,-0.30664933697872704,2.673308900953791,0.2473681064356157
1740180684.9630597,0.0,0.0,-0.0,0.0,0.0,0.0,0.2065340603020026,-0.14694014611631617,0.24871661831063463,-0.3066547432349934,2.6733497883475135,0.2474338145575042
1740180684.9711103,0.0,0.0,-0.0,0.0,0.0,0.0,0.20653312790239678,-0.1469385794358417,0.24872154162276194,-0.30663403517159804,2.673336623852926,0.24745381681770293
1740180684.9793427,0.0,0.0,-0.0,0.0,0.0,0.0,0.20653270164179438,-0.14694445585981106,0.24872651169953325,-0.3066298038252838,2.6733099216111564,0.24740271182231421
1740180684.9870098,0.0,0.0,-0.0,0.0,0.0,0.0,0.2065389325588007,-0.1469403518751387,0.24871779341362257,-0.3066592691410413,2.673351669361239,0.24741579856648938
1740180684.9949908,0.0,0.0,-0.0,0.0,0.0,0.0,0.20653816173754624,-0.146941429779707,0.2487257933287096,-0.3066496099403475,2.673319862333298,0.24742331050607097
1740180685.0036433,0.0,0.0,-0.0,0.0,0.0,0.0,0.20653966128584303,-0.1469340583073689,0.2487246341935694,-0.30669383076111173,2.673322937213072,0.24743170510568804
1740180685.0111244,0.0,0.0,-0.0,0.0,0.0,0.0,0.20653713819915986,-0.14694392564782238,0.2487257648074277,-0.30663932878560646,2.673316974005744,0.24741707427337786
1740180685.0191252,0.0,0.0,-0.0,0.0,0.0,0.0,0.206531609438586,-0.14694489023331594,0.2487193713886257,-0.3066158547762536,2.6733290077369776,0.24742613636991123
1740180685.0270586,0.0,0.0,-0.0,0.0,0.0,0.0,0.2065383504649997,-0.14693728036710943,0.24873201321297556,-0.30666785156531134,2.673295757497093,0.2474140915650183
1740180685.0348196,0.0,0.0,-0.0,0.0,0.0,0.0,0.2065347257228956,-0.14694454003862067,0.24871900891855592,-0.30662525759486764,2.6733557435468414,0.24743120224609377
1740180685.0430202,0.0,0.0,-0.0,0.0,0.0,0.0,0.20653753809446268,-0.14694100410194894,0.24872430248215568,-0.30667640154154086,2.6733080728068566,0.24741863273538853
1740180685.0514452,0.0,0.0,-0.0,0.0,0.0,0.0,0.20653526042664147,-0.14694086207612536,0.24872744463167057,-0.30663603547113766,2.6733021248993336,0.24741659757671589
1740180685.058766,0.0,0.0,-0.0,0.0,0.0,0.0,0.2065381157185605,-0.1469406452272671,0.2487244373960975,-0.30663977676272425,2.673308189798352,0.24742081626182152
1740180685.0671837,0.0,0.0,-0.0,0.0,0.0,0.0,0.206535708840885,-0.14694336417653325,0.24873209766815352,-0.3066362416537738,2.6732818145506023,0.24741644779801097
1740180685.0751593,0.0,0.0,-0.0,0.0,0.0,0.0,0.20653739240464417,-0.14694448516937775,0.24873327495107972,-0.3066071359106115,2.673279619385333,0.24741790500857982
1740180685.0831726,0.0,0.0,-0.0,0.0,0.0,0.0,0.2065385679107495,-0.1469426108530681,0.24872779170245127,-0.3066922599627128,2.6732967135792656,0.24739835264886983
1740180685.0910082,0.0,0.0,-0.0,0.0,0.0,0.0,0.2065356754849132,-0.14694153027193868,0.24872566029378831,-0.3066094463038759,2.673326229686524,0.24741107170018706
1740180685.0992947,0.0,0.0,-0.0,0.0,0.0,0.0,0.20653880171491448,-0.1469415641195687,0.24872029254129663,-0.3066594196044365,2.673329123573871,0.24742630188801448
1740180685.10729,0.0,0.0,-0.0,0.0,0.0,0.0,0.2065398529994758,-0.14694129062427994,0.2487285124378717,-0.3066552986406822,2.6733034303605727,0.24741096619550068
1740180685.1146598,0.0,0.0,-0.0,0.0,0.0,0.0,0.20653249438732718,-0.14694172202811695,0.24871367076980616,-0.3066442786981785,2.673358182748901,0.24743055041184686
1740180685.12302,0.0,0.0,-0.0,0.0,0.0,0.0,0.20653671639565424,-0.14693978444991612,0.2487208596244375,-0.3066332485466201,2.6733086832856867,0.24744341733488104
1740180685.130855,0.0,0.0,-0.0,0.0,0.0,0.0,0.2065327233451305,-0.14693957258039692,0.24872197876974797,-0.306690038697778,2.673318053742129,0.2474181174516284
1740180685.1394055,0.0,0.0,-0.0,0.0,0.0,0.0,0.2065423736349302,-0.1469357026442829,0.24872652588832508,-0.3066711225464521,2.673299654081926,0.2474165029036916
1740180685.1475594,0.0,0.0,-0.0,0.0,0.0,0.0,0.20653676853350372,-0.14693635326392143,0.24873141786393038,-0.30667480403143615,2.6732859978673864,0.24741867065581968
1740180685.1555588,0.0,0.0,-0.0,0.0,0.0,0.0,0.20653561140316173,-0.14694308595994557,0.2487293602251377,-0.30666398898989033,2.67330866674041,0.24739052552360374
1740180685.1635609,0.0,0.0,-0.0,0.0,0.0,0.0,0.2065421022954998,-0.1469376015260631,0.24872313618643294,-0.3067104955567566,2.6733418380564324,0.2473866894331757
1740180685.1715648,0.0,0.0,-0.0,0.0,0.0,0.0,0.2065359312655341,-0.14694467587795082,0.24872106167384284,-0.30662795607377874,2.673322819672762,0.24743932903673357
1740180685.1796455,0.0,0.0,-0.0,0.0,0.0,0.0,0.20653909969325565,-0.14693821934208123,0.2487325282914928,-0.30665330931407675,2.673288482789981,0.24741082386858626
1740180685.187573,0.0,0.0,-0.0,0.0,0.0,0.0,0.2065376081413848,-0.14694132174545066,0.2487329295982743,-0.30663769099977783,2.6732875829002087,0.2474092461896848
1740180685.1949432,0.0,0.0,-0.0,0.0,0.0,0.0,0.2065407949067578,-0.14694010279058045,0.24872541790514366,-0.30666704176732945,2.6733070116060307,0.24743420519789075
1740180685.2029448,0.0,0.0,-0.0,0.0,0.0,0.0,0.20653856489370517,-0.1469417932587544,0.24872009448832916,-0.30662397543415165,2.67334745148471,0.24742451836834609
1740180685.2114527,0.0,0.0,-0.0,0.0,0.0,0.0,0.20653762924027386,-0.14694133066200807,0.24872602674813357,-0.3066509981703138,2.6733073342368088,0.24741688918129282
1740180685.2190814,0.0,0.0,-0.0,0.0,0.0,0.0,0.2065379451069651,-0.1469365827598471,0.24872727306779205,-0.3066815003427339,2.6733094710313,0.2474292154847978
1740180685.227084,0.0,0.0,-0.0,0.0,0.0,0.0,0.20653400492296342,-0.14694456831015446,0.24873615362592533,-0.3066521507210647,2.673267700228177,0.2473924684390923
1740180685.235327,0.0,0.0,-0.0,0.0,0.0,0.0,0.2065358897086733,-0.14694160676469234,0.24871502992509037,-0.30661902888358805,2.6733594165197236,0.24743683132619518
1740180685.2431915,0.0,0.0,-0.0,0.0,0.0,0.0,0.20653173052597723,-0.14694532754444514,0.2487142407687194,-0.30663638040004076,2.6733713078647114,0.24741385448116945
1740180685.2516346,0.0,0.0,-0.0,0.0,0.0,0.0,0.2065391998148378,-0.14694147222081377,0.24872848984359366,-0.3066247646124395,2.6733067309974214,0.24741196293834078
1740180685.259074,0.0,0.0,-0.0,0.0,0.0,0.0,0.20653206725772139,-0.14694460272407744,0.2487239002375316,-0.3066035440392139,2.6733435064703763,0.24740706747377922
1740180685.2670634,0.0,0.0,-0.0,0.0,0.0,0.0,0.2065332737749659,-0.14694425756811036,0.24872251318414762,-0.30663282762561306,2.6733298675258688,0.24741730341958168
1740180685.2750723,0.0,0.0,-0.0,0.0,0.0,0.0,0.2065380227968315,-0.14694170805536014,0.24872548288343835,-0.30664800495058875,2.673328909934828,0.24742279860043456
1740180685.2830722,0.0,0.0,-0.0,0.0,0.0,0.0,0.20653160861454306,-0.14694441976954634,0.24871660708780918,-0.3066290833199233,2.6733283837274127,0.2474203857069058
1740180685.291509,0.0,0.0,-0.0,0.0,0.0,0.0,0.20653541136727568,-0.1469408969488317,0.2487177784743006,-0.30662739226934516,2.6733371677595885,0.24743507063310366
1740180685.2996666,0.0,0.0,-0.0,0.0,0.0,0.0,0.2065335362335079,-0.14694161308541018,0.2487161678135879,-0.3065983304614689,2.673364189094162,0.24744573784146776
1740180685.3066533,0.0,0.0,-0.0,0.0,0.0,0.0,0.20653855298633492,-0.1469388990142583,0.24872241949891233,-0.30666936703080255,2.673327255706365,0.24742557166992363
1740180685.315193,0.0,0.0,-0.0,0.0,0.0,0.0,0.20653991080978096,-0.14693943970113513,0.2487244228490006,-0.3066802658716248,2.6733361831694835,0.24741219284029445
1740180685.3231907,0.0,0.0,-0.0,0.0,0.0,0.0,0.20653767314878776,-0.146947257415945,0.24873102909062006,-0.306605512478578,2.6733147464707385,0.24737795496787857
1740180685.331328,0.0,0.0,-0.0,0.0,0.0,0.0,0.20654153256233385,-0.1469359835670295,0.24872454859721416,-0.30668955793890623,2.6733078468690112,0.2474101667056911
1740180685.3392,0.0,0.0,-0.0,0.0,0.0,0.0,0.20653186825120431,-0.1469439752029581,0.24872620598223688,-0.3066196726253183,2.6733225668529026,0.24741575005783828
1740180685.3471959,0.0,0.0,-0.0,0.0,0.0,0.0,0.20653851580325905,-0.1469397614924825,0.24872291955657727,-0.30666798035662723,2.6733351427731367,0.247392044484907
1740180685.355357,0.0,0.0,-0.0,0.0,0.0,0.0,0.2065355882380024,-0.1469434001251753,0.24872765203751973,-0.30661828636675453,2.6733082133516453,0.24739189887401591
1740180685.3633611,0.0,0.0,-0.0,0.0,0.0,0.0,0.20653877014948996,-0.14693801389917624,0.24871935912786636,-0.30666270406111446,2.6733318302263447,0.2474755914163075
1740180685.3713498,0.0,0.0,-0.0,0.0,0.0,0.0,0.2065382647465316,-0.14693773747563818,0.248727635990241,-0.3066755474894318,2.6733176024063745,0.24742706356579913
1740180685.3793485,0.0,0.0,-0.0,0.0,0.0,0.0,0.2065359580701368,-0.14694021020790723,0.2487264294079602,-0.30668051220746395,2.67330598823039,0.24741364969381885
1740180685.3873484,0.0,0.0,-0.0,0.0,0.0,0.0,0.20653947835087222,-0.1469419943458735,0.248737303466048,-0.3066535324455794,2.673279952463071,0.24739792884560968
1740180685.3954782,0.0,0.0,-0.0,0.0,0.0,0.0,0.20654147010572496,-0.1469355210622295,0.24872293310223387,-0.30669416280309597,2.6733161807236967,0.247421161397167
1740180685.4034746,0.0,0.0,-0.0,0.0,0.0,0.0,0.2065410300597288,-0.146938594245321,0.24873705633089446,-0.3066952845091505,2.673275151462876,0.24739798585547504
1740180685.4112341,0.0,0.0,-0.0,0.0,0.0,0.0,0.20653614748882285,-0.1469410445750626,0.2487209925362668,-0.30664520552234326,2.67331707566649,0.24742248650050686
1740180685.419218,0.0,0.0,-0.0,0.0,0.0,0.0,0.20653764341590714,-0.14693760954606214,0.24872778066467516,-0.30664455724128187,2.673330507989208,0.24743813980402782
1740180685.4272695,0.0,0.0,-0.0,0.0,0.0,0.0,0.20653955571369806,-0.1469409219867092,0.2487293861188298,-0.3066516577787354,2.6732996785426835,0.2474149118203433
1740180685.4353101,0.0,0.0,-0.0,0.0,0.0,0.0,0.20654002046041303,-0.14694132461874415,0.24872889113478835,-0.306655649618988,2.6733002829902817,0.24740935883462337
1740180685.4433181,0.0,0.0,-0.0,0.0,0.0,0.0,0.20653836551842075,-0.1469435859137455,0.24873284600969492,-0.3066430225294551,2.67326812972589,0.24741387755310262
1740180685.4512913,0.0,0.0,-0.0,0.0,0.0,0.0,0.20653537978362238,-0.14694388864505767,0.24871781178908337,-0.3066302442567078,2.6733507871708335,0.24742981313462575
1740180685.459316,0.0,0.0,-0.0,0.0,0.0,0.0,0.2065384240076955,-0.14694148746369548,0.24872634027022095,-0.30664626249901733,2.6733079422202097,0.2474179074659739
1740180685.4673336,0.0,0.0,-0.0,0.0,0.0,0.0,0.20653787416539787,-0.14694031124709403,0.24872516481140916,-0.3066275395728469,2.6733130171970236,0.24744128451389086
1740180685.4752975,0.0,0.0,-0.0,0.0,0.0,0.0,0.20653747975683454,-0.1469391339357312,0.2487247097420125,-0.30669846734303463,2.6733083892528757,0.24743539791101762
1740180685.4832902,0.0,0.0,-0.0,0.0,0.0,0.0,0.20654148575635256,-0.14694161159109748,0.2487238803949846,-0.3066572027692251,2.6733279572493354,0.24742274222433977
1740180685.4913342,0.0,0.0,-0.0,0.0,0.0,0.0,0.2065314389218946,-0.14694389123500073,0.2487321042923118,-0.3066371306487179,2.6732919009173473,0.24739803667078825
1740180685.4994762,0.0,0.0,-0.0,0.0,0.0,0.0,0.20653877478292762,-0.1469410731122116,0.24872759089552643,-0.30663347169354066,2.6733178272579132,0.24742138158655397
1740180685.5074732,0.0,0.0,-0.0,0.0,0.0,0.0,0.20653601775301492,-0.14694479955043493,0.2487342466758311,-0.30660826329464735,2.6732855962881916,0.247399280652984
1740180685.5146434,0.0,0.0,-0.0,0.0,0.0,0.0,0.20653852883701793,-0.14693732076414906,0.24872853236961529,-0.30668627405248977,2.6732991097884486,0.24741290200925276
1740180685.5226414,0.0,0.0,-0.0,0.0,0.0,0.0,0.20652916126327792,-0.14694403963146213,0.24871704995809946,-0.30660263710612795,2.673351158033036,0.247410855854246
1740180685.530642,0.0,0.0,-0.0,0.0,0.0,0.0,0.20653877555765948,-0.14693625552315034,0.2487258530314392,-0.30666771194927794,2.6732976650334317,0.24741756138586177
1740180685.5388134,0.0,0.0,-0.0,0.0,0.0,0.0,0.20653070890335773,-0.14694344656501007,0.2487150108891818,-0.306601007619673,2.6733550686480663,0.24743967874186257
1740180685.5468051,0.0,0.0,-0.0,0.0,0.0,0.0,0.20653904909284512,-0.14694081939484466,0.248732078525484,-0.30665733435484843,2.6732908314878134,0.24740973009464914
1740180685.5548244,0.0,0.0,-0.0,0.0,0.0,0.0,0.20653490618593143,-0.14694722716401573,0.2487199673015951,-0.3066370613085153,2.6733326481883215,0.24739620963015577
1740180685.5635247,0.0,0.0,-0.0,0.0,0.0,0.0,0.20653987946424113,-0.14694298308244402,0.24872841295748918,-0.3066515315133649,2.6733077806346395,0.24738514765575553
1740180685.571415,0.0,0.0,-0.0,0.0,0.0,0.0,0.20653533198783408,-0.14694493914385495,0.24873148580639387,-0.3066585765029117,2.6733022100684707,0.24738368476180173
1740180685.579435,0.0,0.0,-0.0,0.0,0.0,0.0,0.20652936066248923,-0.14694365748308616,0.2487237869871061,-0.3066018720267357,2.6733132734861162,0.24742239376747058
1740180685.5874524,0.0,0.0,-0.0,0.0,0.0,0.0,0.2065390176378933,-0.14694053418068292,0.24873300564985673,-0.30666345857999827,2.6732857829869845,0.24739143542284323
1740180685.5955646,0.0,0.0,-0.0,0.0,0.0,0.0,0.2065287563304274,-0.14694257395839253,0.24872474616902657,-0.3066491928649195,2.6733210373271556,0.24741238135365828
1740180685.6035278,0.0,0.0,-0.0,0.0,0.0,0.0,0.2065365137014826,-0.14694675105989974,0.24872647381645224,-0.30662737129781287,2.6733203801921452,0.24739357391680908
1740180685.6110694,0.0,0.0,-0.0,0.0,0.0,0.0,0.20653126779187053,-0.14694523813915528,0.24871467797885105,-0.30664181198181206,2.673364460414027,0.2474096496425709
1740180685.6190827,0.0,0.0,-0.0,0.0,0.0,0.0,0.20653703871485402,-0.14694445921649676,0.24873229408344344,-0.3066385312838698,2.6733104286762694,0.2473882012220515
1740180685.6270816,0.0,0.0,-0.0,0.0,0.0,0.0,0.20653931482201476,-0.14693689160871642,0.2487246491984687,-0.306694996182803,2.6733009137830264,0.24743384248012032
1740180685.635081,0.0,0.0,-0.0,0.0,0.0,0.0,0.20653239730125417,-0.14694408604668244,0.24873122072291465,-0.3066219609544051,2.6732896343680523,0.2473991693657089
1740180685.642921,0.0,0.0,-0.0,0.0,0.0,0.0,0.20653462703432376,-0.14694242754226322,0.24871887872313453,-0.3066445980360054,2.6733349536426156,0.24740286862075594
1740180685.6515539,0.0,0.0,-0.0,0.0,0.0,0.0,0.2065403971849661,-0.14694081263836653,0.24873098238590838,-0.3066608568089542,2.6732795519356376,0.24741978040839382
1740180685.6585515,0.0,0.0,-0.0,0.0,0.0,0.0,0.2065371932790687,-0.14694340547382687,0.24872758274300416,-0.3066278357724543,2.673311691846426,0.24739741917062816
1740180685.6675534,0.0,0.0,-0.0,0.0,0.0,0.0,0.20653566368923193,-0.1469378262101,0.2487217525154629,-0.3066671429221464,2.6733247251671637,0.24741028753201483
1740180685.6745598,0.0,0.0,-0.0,0.0,0.0,0.0,0.20653718471720953,-0.14694393486028443,0.2487289341264674,-0.3066314161346508,2.6733043784102666,0.24741208474834125
1740180685.68307,0.0,0.0,-0.0,0.0,0.0,0.0,0.2065312678143455,-0.14694169867929935,0.24872221627986185,-0.3066565990289746,2.6733202024205394,0.2474340868630609
1740180685.6910746,0.0,0.0,-0.0,0.0,0.0,0.0,0.20653392749914096,-0.14694607283973926,0.24872234852566222,-0.30659861752070816,2.6733421037722334,0.24739997631140748
1740180685.69935,0.0,0.0,-0.0,0.0,0.0,0.0,0.20654239261459942,-0.14693597915578208,0.2487185207840698,-0.30669289252593346,2.6733487371911213,0.24742119711288052
1740180685.7073462,0.0,0.0,-0.0,0.0,0.0,0.0,0.20653817539510638,-0.14693662652297407,0.24872092277767074,-0.30667317515697784,2.673341956677905,0.24744644802482893
1740180685.7152355,0.0,0.0,-0.0,0.0,0.0,0.0,0.20653305823431176,-0.14694669010981123,0.2487268135212934,-0.3066223254064407,2.6733130298764376,0.24738022886541577
1740180685.723104,0.0,0.0,-0.0,0.0,0.0,0.0,0.20653933093489707,-0.1469411862222189,0.2487288463564753,-0.30668063634918624,2.673299517621338,0.24740522107203247
1740180685.7310774,0.0,0.0,-0.0,0.0,0.0,0.0,0.20653243508308108,-0.14694625211178336,0.24872008142253485,-0.30661866139800387,2.6733510367465683,0.24740473549413994
1740180685.7390673,0.0,0.0,-0.0,0.0,0.0,0.0,0.20653800705531186,-0.14694356794524402,0.24872638962378024,-0.3066480736206177,2.6733114886873026,0.24739424173666477
1740180685.7470763,0.0,0.0,-0.0,0.0,0.0,0.0,0.20653631465907168,-0.14694592325887898,0.24872642904227404,-0.3066425810586591,2.6733216380398037,0.24739376266948315
1740180685.7550888,0.0,0.0,-0.0,0.0,0.0,0.0,0.20653420809177384,-0.14694258894331352,0.24872210324314892,-0.30663958706774586,2.673327750388762,0.247435139775482
1740180685.763066,0.0,0.0,-0.0,0.0,0.0,0.0,0.20654102562104584,-0.1469426151179722,0.24873390151555705,-0.30669797748188954,2.6732803180424294,0.24738609751075202
1740180685.7710674,0.0,0.0,-0.0,0.0,0.0,0.0,0.20653781155135942,-0.14694026623258546,0.24873075996965144,-0.3066577015463548,2.673292883412185,0.2474159071247284
1740180685.7790647,0.0,0.0,-0.0,0.0,0.0,0.0,0.20653226572317554,-0.14694242613273412,0.24872006264322793,-0.3066805446581958,2.6733411732412997,0.24740397253934523
1740180685.7870815,0.0,0.0,-0.0,0.0,0.0,0.0,0.2065307168084505,-0.1469445421183662,0.24871615690126708,-0.30662132351972443,2.673350897584486,0.24742748617613924
1740180685.79527,0.0,0.0,-0.0,0.0,0.0,0.0,0.20653627368902847,-0.14694512428450032,0.24873520913514324,-0.3066141985422118,2.673295715366417,0.24738722079597847
1740180685.803273,0.0,0.0,-0.0,0.0,0.0,0.0,0.20653720374047893,-0.14694293296618183,0.24872335783055996,-0.3066252184521202,2.673327581374021,0.24740221745196272
1740180685.8106914,0.0,0.0,-0.0,0.0,0.0,0.0,0.20653541524779262,-0.14694010538009813,0.2487197750220671,-0.30665234638725974,2.673334933552513,0.24743210625702083
1740180685.8193414,0.0,0.0,-0.0,0.0,0.0,0.0,0.20654059208488224,-0.1469377366063387,0.2487232649634866,-0.3066800928680067,2.673310813355284,0.24741951103673326
1740180685.8272755,0.0,0.0,-0.0,0.0,0.0,0.0,0.20653183194754438,-0.1469440310913304,0.24871886096134843,-0.30661514944040874,2.6733538877557264,0.24739155474810268
1740180685.8350964,0.0,0.0,-0.0,0.0,0.0,0.0,0.2065305993585152,-0.14694648422256007,0.24872142372128694,-0.30662177610265084,2.6733390770489285,0.2473769167588584
1740180685.8425002,0.0,0.0,-0.0,0.0,0.0,0.0,0.20653581829414647,-0.14694276253278357,0.24873398195708818,-0.3066330122054564,2.6732798820853723,0.24742649548731174
1740180685.8511198,0.0,0.0,-0.0,0.0,0.0,0.0,0.20653613611056965,-0.14694619975485584,0.24874128702831652,-0.30663397500687956,2.67325462881058,0.24735689605022526
1740180685.859288,0.0,0.0,-0.0,0.0,0.0,0.0,0.2065387002634594,-0.14693814428180885,0.2487231293255524,-0.3066541377344176,2.673322360948354,0.2474273016084457
1740180685.867297,0.0,0.0,-0.0,0.0,0.0,0.0,0.20654154696704763,-0.14693629729767843,0.2487260707808081,-0.30668988035249567,2.6732996120842087,0.24740082640689415
1740180685.8752918,0.0,0.0,-0.0,0.0,0.0,0.0,0.20653586810989566,-0.14694399210878994,0.2487204017832624,-0.30659563176175014,2.673333277124116,0.24742638530268052
1740180685.8832946,0.0,0.0,-0.0,0.0,0.0,0.0,0.20653471038829735,-0.1469410537050301,0.2487193357768607,-0.3066453219678,2.6733527252261418,0.2474348978314644
1740180685.891297,0.0,0.0,-0.0,0.0,0.0,0.0,0.20653887202031201,-0.14694216243408498,0.2487261602969938,-0.30667203767306245,2.673316032163669,0.2473965886482162
1740180685.899306,0.0,0.0,-0.0,0.0,0.0,0.0,0.20653916035015885,-0.14693960475434614,0.24873104935291193,-0.3066851586144425,2.6732997639328717,0.2473882936048649
1740180685.9073048,0.0,0.0,-0.0,0.0,0.0,0.0,0.20653868025377398,-0.14694460116025654,0.24873509342269595,-0.30662770893495694,2.673281818516489,0.24735608601440076
1740180685.9148633,0.0,0.0,-0.0,0.0,0.0,0.0,0.20653303756476377,-0.14694230512697865,0.24871763500484836,-0.30661207421019815,2.6733475336312376,0.24743358432742824
1740180685.9228697,0.0,0.0,-0.0,0.0,0.0,0.0,0.20653282726060526,-0.146946613753038,0.24872662715813737,-0.30662461627477877,2.673319242963446,0.2473719923373406
1740180685.9312809,0.0,0.0,-0.0,0.0,0.0,0.0,0.2065346917591531,-0.14694422979067565,0.24873118271348055,-0.3066332967370136,2.6732895976080173,0.24740267327658486
1740180685.9387968,0.0,0.0,-0.0,0.0,0.0,0.0,0.20653172749503476,-0.14694305328501828,0.2487324779264513,-0.3066122810914268,2.673280889437132,0.24742300616705443
1740180685.9476144,0.0,0.0,-0.0,0.0,0.0,0.0,0.20653439383941044,-0.14694159104259308,0.24871724458526065,-0.3066522809144357,2.6733478481192456,0.24740993057797075
1740180685.9547107,0.0,0.0,-0.0,0.0,0.0,0.0,0.20653495666341454,-0.1469486061253081,0.24873231573045304,-0.3065759488499339,2.6733062930804823,0.24736930392834564
1740180685.962648,0.0,0.0,-0.0,0.0,0.0,0.0,0.20653683797737063,-0.14693932059576695,0.2487246843549922,-0.306657394548773,2.6733084765255293,0.24743638416687777
1740180685.9719222,0.0,0.0,-0.0,0.0,0.0,0.0,0.20654292517452516,-0.14694158493773982,0.24872880442942225,-0.3066757719324178,2.673306618122163,0.24741470075245336
1740180685.9794018,0.0,0.0,-0.0,0.0,0.0,0.0,0.20653457536630937,-0.1469413168721417,0.24871616776926853,-0.3066428193865123,2.673354318593533,0.24741977966505505
1740180685.9874067,0.0,0.0,-0.0,0.0,0.0,0.0,0.2065344910035377,-0.14694239971613754,0.24871857332547465,-0.30664427215182477,2.6733378798974607,0.24740436400161134
1740180685.9948905,0.0,0.0,-0.0,0.0,0.0,0.0,0.20654220723872568,-0.1469377412749888,0.24872710045535584,-0.3066720677755432,2.6733047032741992,0.24742300618591848
1740180686.0029132,0.0,0.0,-0.0,0.0,0.0,0.0,0.2065363970645694,-0.14694218506184617,0.24872425876461418,-0.30665015343316226,2.6733113356436986,0.24741187528296868
1740180686.010994,0.0,0.0,-0.0,0.0,0.0,0.0,0.2065376371226156,-0.14694242622401277,0.2487271727793523,-0.3066507116339388,2.6733065193261836,0.24740946250220955
1740180686.0189157,0.0,0.0,-0.0,0.0,0.0,0.0,0.20653983642072382,-0.1469412950802125,0.2487182315734022,-0.3066637457291014,2.6733400518698036,0.24739653707396586
1740180686.0268416,0.0,0.0,-0.0,0.0,0.0,0.0,0.2065410582992257,-0.14694658304541422,0.24873324878394165,-0.30662821017874936,2.673289834135401,0.24739648471310774
1740180686.034836,0.0,0.0,-0.0,0.0,0.0,0.0,0.2065402645818437,-0.14693814487552462,0.2487252408421289,-0.3066608529741303,2.6733108485593613,0.24742585680380944
1740180686.0429897,0.0,0.0,-0.0,0.0,0.0,0.0,0.20653374539650074,-0.14694435014258023,0.24872361260893594,-0.3066284495235082,2.6733273253027074,0.24741672347203733
1740180686.0510747,0.0,0.0,-0.0,0.0,0.0,0.0,0.20653782653096397,-0.14693479225540437,0.24872685581492066,-0.3067106301705939,2.6733084956946156,0.24741497552262703
1740180686.0592601,0.0,0.0,-0.0,0.0,0.0,0.0,0.20653661612391766,-0.14694281367851103,0.24872202908151847,-0.30663983477655876,2.673336043122824,0.24740419098245497
1740180686.0672548,0.0,0.0,-0.0,0.0,0.0,0.0,0.20653515011383408,-0.14694541234622668,0.24872649146492296,-0.30662486023522323,2.6733197203004706,0.24741169564161128
1740180686.074731,0.0,0.0,-0.0,0.0,0.0,0.0,0.20653594856427188,-0.14694647097866134,0.24872857607663998,-0.3066107848274857,2.6733170136574,0.2473858248676261
1740180686.0826268,0.0,0.0,-0.0,0.0,0.0,0.0,0.20653802072783617,-0.14694308823952826,0.2487253151419505,-0.3066153812656354,2.673332265272209,0.24740606515091687
1740180686.0907907,0.0,0.0,-0.0,0.0,0.0,0.0,0.20653303919214688,-0.14694617748171077,0.24872596802989883,-0.30660721458794293,2.673328423071207,0.2473757664378341
1740180686.0988429,0.0,0.0,-0.0,0.0,0.0,0.0,0.2065360932005902,-0.14694132849606992,0.24872252409640666,-0.30666767941678413,2.6733337354386175,0.24742217389014667
1740180686.10674,0.0,0.0,-0.0,0.0,0.0,0.0,0.2065340929493449,-0.14694394299686994,0.24872171281027894,-0.306606114246882,2.6733387773281883,0.24742233820782417
1740180686.1152587,0.0,0.0,-0.0,0.0,0.0,0.0,0.20653800819966886,-0.1469444737112028,0.2487250469437277,-0.3066443854589881,2.673313063613444,0.2473688575121096
1740180686.1232543,0.0,0.0,-0.0,0.0,0.0,0.0,0.20653803124111172,-0.14694337658855322,0.24871716374744185,-0.30661915206126344,2.6733611155557053,0.24740341904246024
1740180686.1305335,0.0,0.0,-0.0,0.0,0.0,0.0,0.20653894490643143,-0.14693835028340496,0.2487318906984241,-0.30666460022148423,2.6732976911897097,0.2474223071116313
1740180686.1388545,0.0,0.0,-0.0,0.0,0.0,0.0,0.20654032123834004,-0.14693936451988246,0.24873634156077623,-0.3066723416881817,2.67326796599392,0.24737116801557832
1740180686.147203,0.0,0.0,-0.0,0.0,0.0,0.0,0.20653542994235177,-0.1469412002390319,0.24872479835109573,-0.3066694568280363,2.673317884619242,0.24741409219620644
1740180686.1552022,0.0,0.0,-0.0,0.0,0.0,0.0,0.20653807049947884,-0.14694540495771902,0.24872450704737872,-0.3065979894767027,2.6733212195843343,0.2474378755337832
1740180686.1632,0.0,0.0,-0.0,0.0,0.0,0.0,0.2065362038217422,-0.14694452676003386,0.2487301267776582,-0.30660687112511614,2.6733032545660627,0.2474133992975603
1740180686.170763,0.0,0.0,-0.0,0.0,0.0,0.0,0.20652912422089756,-0.14694607392391337,0.2487219995737358,-0.3066112909734322,2.6733409275772035,0.24740427028939244
1740180686.1794484,0.0,0.0,-0.0,0.0,0.0,0.0,0.20654022021816637,-0.14694214979149148,0.24873202808726358,-0.3066778994597748,2.67328424019058,0.24739626480443416
1740180686.1864493,0.0,0.0,-0.0,0.0,0.0,0.0,0.2065360402038653,-0.1469434250625712,0.24872907263617366,-0.30663852227724236,2.673303130279825,0.24742661615669917
1740180686.2006984,0.0,0.0,-0.0,0.0,0.0,0.0,0.20654037323295887,-0.14694138733842332,0.24872289247851206,-0.3066305993153059,2.673343322211509,0.24743435529552119
1740180686.208699,0.0,0.0,-0.0,0.0,0.0,0.0,0.2065386770392938,-0.14694077467352523,0.24872857765022743,-0.3066528711405727,2.6733039524957625,0.24742780947356152
1740180686.212213,0.0,0.0,-0.0,0.0,0.0,0.0,0.20653820775738244,-0.14694128701968012,0.2487176591243514,-0.30667703235984034,2.673325650288743,0.24741324373487725
1740180686.219214,0.0,0.0,-0.0,0.0,0.0,0.0,0.2065390555948045,-0.14694054789946984,0.2487209807925439,-0.3066718884945018,2.673319653800363,0.24743780425683704
1740180686.2272136,0.0,0.0,-0.0,0.0,0.0,0.0,0.20653353708697797,-0.1469394498485686,0.24871516009533245,-0.3066680813683061,2.673353756205511,0.24745519804679073
1740180686.2352133,0.0,0.0,-0.0,0.0,0.0,0.0,0.2065350080636746,-0.14694596594935613,0.24873341365264562,-0.3066121316493496,2.6733107808671344,0.24738788337705814
1740180686.2428877,0.0,0.0,-0.0,0.0,0.0,0.0,0.20653633213740946,-0.1469423815439751,0.24873943979263508,-0.3066431497271732,2.673265748968983,0.24741469197247687
1740180686.2512445,0.0,0.0,-0.0,0.0,0.0,0.0,0.20653778492680921,-0.14694194175506478,0.248723702113873,-0.30664440309769747,2.6733405934038443,0.24741288851423313
1740180686.2790651,0.0,0.0,-0.0,0.0,0.0,0.0,0.20653785008614384,-0.14693934617264925,0.24872110754936305,-0.3066803596902522,2.673342309866353,0.24740991340037716
1740180686.2832077,0.0,0.0,-0.0,0.0,0.0,0.0,0.20653675851924208,-0.14694118202584822,0.24872221854128898,-0.30662952441906627,2.673333550317382,0.2474440248807053
1740180686.2903905,0.0,0.0,-0.0,0.0,0.0,0.0,0.20653121084801324,-0.14694413528149058,0.2487218258104742,-0.30663090920624825,2.6733264783440793,0.24739968991495753
1740180686.298509,0.0,0.0,-0.0,0.0,0.0,0.0,0.20654160723923906,-0.14693960655188104,0.24873023465127317,-0.3066461267708947,2.6733215193810174,0.2474015522157142
1740180686.3072991,0.0,0.0,-0.0,0.0,0.0,0.0,0.20653128917644914,-0.1469460065489149,0.24872149467003796,-0.30660831367654834,2.6733309613322627,0.24738538944722654
1740180686.3148189,0.0,0.0,-0.0,0.0,0.0,0.0,0.20653144931442308,-0.1469362275393874,0.24871365742265056,-0.30668902333202497,2.673364807311085,0.2474395524742318
1740180686.3228123,0.0,0.0,-0.0,0.0,0.0,0.0,0.20654143183805868,-0.14693458117717176,0.2487229806275923,-0.30668607560165334,2.6733212453117745,0.24744061056418573
1740180686.3308132,0.0,0.0,-0.0,0.0,0.0,0.0,0.20653585280992376,-0.14694326216197753,0.24872429322123712,-0.30662356882341396,2.6733164261556537,0.24737550412760487
1740180686.338812,0.0,0.0,-0.0,0.0,0.0,0.0,0.20654139040099745,-0.14694004548233572,0.24873468565272927,-0.3066709091070059,2.6732881453312296,0.24738474443439265
1740180686.3468127,0.0,0.0,-0.0,0.0,0.0,0.0,0.2065358727018518,-0.14693864608050017,0.24872882501944676,-0.306669365487936,2.673307215271591,0.24739957074347133
1740180686.3548126,0.0,0.0,-0.0,0.0,0.0,0.0,0.20653908365719797,-0.14693849489216249,0.24873126868155654,-0.30662815635639673,2.673305110914743,0.24740662296681198
1740180686.3628304,0.0,0.0,-0.0,0.0,0.0,0.0,0.2065343837888287,-0.14694188872294153,0.24872418427030413,-0.3066689606698549,2.6733329445958427,0.24739494431987402
1740180686.3708248,0.0,0.0,-0.0,0.0,0.0,0.0,0.20653617535927596,-0.14694073042482636,0.24872119022370626,-0.3066281583421129,2.6733359939341197,0.24743968767675795
1740180686.3788283,0.0,0.0,-0.0,0.0,0.0,0.0,0.2065394835201797,-0.14693966898828145,0.24873026344850546,-0.3066689534745922,2.6733054960429663,0.24739355815312364
1740180686.3868299,0.0,0.0,-0.0,0.0,0.0,0.0,0.20654048486354123,-0.14694141271736397,0.2487261648466647,-0.3066376483536846,2.673322084161921,0.24742282598128548
1740180686.3950572,0.0,0.0,-0.0,0.0,0.0,0.0,0.20653915449143365,-0.14694194059927934,0.2487157397678803,-0.30664948746054516,2.673356776517816,0.24743617959304523
1740180686.4033573,0.0,0.0,-0.0,0.0,0.0,0.0,0.20653453681538944,-0.14694071496949146,0.24872581047438175,-0.306655079933337,2.673312738206905,0.24741896647970624
1740180686.411123,0.0,0.0,-0.0,0.0,0.0,0.0,0.2065380269988764,-0.14693770410806936,0.2487284610997591,-0.3066945345153868,2.6732866795558916,0.24740887393868133
1740180686.4191272,0.0,0.0,-0.0,0.0,0.0,0.0,0.20653887315685684,-0.1469395564891364,0.24871497438350737,-0.30664232162307803,2.673361997202479,0.24742526319992328
1740180686.4271085,0.0,0.0,-0.0,0.0,0.0,0.0,0.2065381262111758,-0.14694389430253146,0.24872519021018386,-0.3066200559894105,2.6733341360000735,0.24740443428048403
1740180686.4355266,0.0,0.0,-0.0,0.0,0.0,0.0,0.20653359168945987,-0.14694329404958809,0.24872324617775776,-0.3066452048849687,2.6733110869459105,0.24737296890640487
1740180686.4435222,0.0,0.0,-0.0,0.0,0.0,0.0,0.2065289461775796,-0.14694340305636602,0.24873163930481004,-0.3066380587491011,2.6732835411100213,0.24739374634308328
1740180686.4506493,0.0,0.0,-0.0,0.0,0.0,0.0,0.20653988421513625,-0.14694393050048352,0.24873235786935916,-0.30664920614541047,2.673301744256077,0.2473893641894554
1740180686.458898,0.0,0.0,-0.0,0.0,0.0,0.0,0.20653812563615448,-0.14694019129082106,0.24872973946647592,-0.306665153801811,2.6732995633150454,0.24738932510311468
1740180686.4674163,0.0,0.0,-0.0,0.0,0.0,0.0,0.20653524168778056,-0.14694192665432523,0.24871350490181018,-0.30664259212663303,2.673363494150187,0.2474276907955741
1740180686.4754221,0.0,0.0,-0.0,0.0,0.0,0.0,0.20653398032642523,-0.14694086737981538,0.2487200948141627,-0.3066396735453985,2.6733142534364362,0.24745692263387117
1740180686.4834254,0.0,0.0,-0.0,0.0,0.0,0.0,0.2065352294538898,-0.14694326389053275,0.24873104429345955,-0.30659266901786886,2.6733028430682024,0.24743342286765188
1740180686.4914246,0.0,0.0,-0.0,0.0,0.0,0.0,0.2065383758110025,-0.14693745960339274,0.24872631643255894,-0.30667275151285417,2.673305972637958,0.2474269178138982
1740180686.4984398,0.0,0.0,-0.0,0.0,0.0,0.0,0.20653173727434276,-0.1469434780957032,0.2487231360027324,-0.3066119760931925,2.6733281976037335,0.24741624682674063
1740180686.5068874,0.0,0.0,-0.0,0.0,0.0,0.0,0.20653550665276946,-0.14694576193720685,0.2487276219132863,-0.3066429482334798,2.6733184574457804,0.24739215952671853
1740180686.5151196,0.0,0.0,-0.0,0.0,0.0,0.0,0.2065358651728355,-0.14694206970065837,0.24873003492571993,-0.3066257362331711,2.6733075417168726,0.24741380260593784
1740180686.5226412,0.0,0.0,-0.0,0.0,0.0,0.0,0.2065368517018409,-0.14694147533326257,0.24872816739956166,-0.3066698335551944,2.6733147489105673,0.24741255093201261
1740180686.5309765,0.0,0.0,-0.0,0.0,0.0,0.0,0.2065406142252907,-0.14693880272974508,0.24871638955736236,-0.30668415765971974,2.6733531615123516,0.24742169965747565
1740180686.538615,0.0,0.0,-0.0,0.0,0.0,0.0,0.20653694542514775,-0.14694229045912854,0.24872556028255466,-0.3066454055604372,2.6733121584268607,0.24741302613724336
1740180686.5466275,0.0,0.0,-0.0,0.0,0.0,0.0,0.2065346346449406,-0.14694009178254674,0.24871886096134843,-0.3066613851909677,2.6733488136007453,0.24739265458815604
1740180686.5551608,0.0,0.0,-0.0,0.0,0.0,0.0,0.2065391884832814,-0.14694633272013077,0.24873028760398988,-0.3066173661449008,2.6732978061333346,0.24737717710298185
1740180686.5628078,0.0,0.0,-0.0,0.0,0.0,0.0,0.20654026733941583,-0.14694257978450914,0.24872491995680268,-0.30667611724967564,2.673332428574524,0.2473591159686603
1740180686.5711765,0.0,0.0,-0.0,0.0,0.0,0.0,0.2065346197158826,-0.14694025730562252,0.24873019457920903,-0.3066568958499697,2.673289316566472,0.24740378041106434
1740180686.5794368,0.0,0.0,-0.0,0.0,0.0,0.0,0.2065407270896488,-0.14693854351412916,0.24872935662747475,-0.30667740111072017,2.6732954356014695,0.24741056957007232
1740180686.587439,0.0,0.0,-0.0,0.0,0.0,0.0,0.2065402587797894,-0.14693873342228617,0.2487339262308209,-0.30669321691966644,2.673272825795306,0.24738086090017666
1740180686.5944397,0.0,0.0,-0.0,0.0,0.0,0.0,0.206536787319597,-0.1469468406429051,0.24872825367808063,-0.3066014698826861,2.6733026444026393,0.24739967918901123
1740180686.6024454,0.0,0.0,-0.0,0.0,0.0,0.0,0.2065296079401605,-0.14694443395845036,0.24872345082722735,-0.30662501419533655,2.673326875504404,0.24739034112939606
1740180686.6110246,0.0,0.0,-0.0,0.0,0.0,0.0,0.20653246397447353,-0.14693861885292425,0.24871962977076764,-0.3066465446003109,2.6733346920456613,0.24745955900167033
1740180686.6189644,0.0,0.0,-0.0,0.0,0.0,0.0,0.2065350252199193,-0.14694429462303948,0.24872353339858572,-0.306654548694624,2.6733218756387562,0.24741532231313698
1740180686.626968,0.0,0.0,-0.0,0.0,0.0,0.0,0.20653429340896617,-0.14694019104153946,0.24872943003815304,-0.30664034618516467,2.6732981931379727,0.24741066146555796
1740180686.6349692,0.0,0.0,-0.0,0.0,0.0,0.0,0.20653506399132907,-0.1469453937283413,0.24873168000391813,-0.3066018120975501,2.6733034589380793,0.24740721131916374
1740180686.6429644,0.0,0.0,-0.0,0.0,0.0,0.0,0.20653667896435635,-0.14694223217510416,0.2487288418167402,-0.30663012634012615,2.673309920235041,0.24741429157480901
1740180686.6513839,0.0,0.0,-0.0,0.0,0.0,0.0,0.20653727799234314,-0.1469395444898864,0.2487251060677575,-0.3066553068941828,2.673325952604454,0.24740041825412284
1740180686.6589348,0.0,0.0,-0.0,0.0,0.0,0.0,0.20653359161705165,-0.1469403576856236,0.2487224615903729,-0.3066306135141425,2.6733379339000973,0.24742645840901123
1740180686.6670942,0.0,0.0,-0.0,0.0,0.0,0.0,0.20653264096927237,-0.1469371153458511,0.24871891349611103,-0.30663771273832396,2.6733273734740326,0.2474719157705065
1740180686.6749485,0.0,0.0,-0.0,0.0,0.0,0.0,0.20653688261813205,-0.1469370013221945,0.24872312608729025,-0.3066452718401652,2.6733176236941256,0.24742814440868477
1740180686.6829476,0.0,0.0,-0.0,0.0,0.0,0.0,0.20653491007070746,-0.1469456486793732,0.24872314297734832,-0.3066099824267948,2.673334709756224,0.24740508726687352
1740180686.6912642,0.0,0.0,-0.0,0.0,0.0,0.0,0.20654724191352308,-0.14693524768927818,0.24872842573466392,-0.3066958319361615,2.6733103728895005,0.24743046039270936
1740180686.699445,0.0,0.0,-0.0,0.0,0.0,0.0,0.20653508563136966,-0.14694281718653113,0.2487269112081999,-0.30662995221046774,2.67332195205028,0.24739356343936617
1740180686.707352,0.0,0.0,-0.0,0.0,0.0,0.0,0.20653568326372546,-0.14693614424804102,0.24872346169152332,-0.30665614354511145,2.6733133183525495,0.24743486186870928
1740180686.7152174,0.0,0.0,-0.0,0.0,0.0,0.0,0.20653106028633195,-0.14694160500980932,0.24872535242643584,-0.30664228530383575,2.6733057265964772,0.24741370887497555
1740180686.7230449,0.0,0.0,-0.0,0.0,0.0,0.0,0.2065353372783947,-0.14694436095013308,0.2487242216046977,-0.3066145792169976,2.673317465437117,0.2474191611938501
1740180686.7312624,0.0,0.0,-0.0,0.0,0.0,0.0,0.2065329650189207,-0.14694479354078058,0.2487174087381156,-0.30663293796991475,2.673344433689692,0.2474029501268644
1740180686.7394345,0.0,0.0,-0.0,0.0,0.0,0.0,0.20653670667575427,-0.1469446253050006,0.24873586677383885,-0.3066142970913838,2.6732788298691337,0.24740028678886478
1740180686.7475388,0.0,0.0,-0.0,0.0,0.0,0.0,0.20653797806478405,-0.14694518544226265,0.24872501377719097,-0.3066490473690658,2.6733239927624584,0.2474119839601783
1740180686.7555604,0.0,0.0,-0.0,0.0,0.0,0.0,0.20653761032508444,-0.14693762536833155,0.24872594080117055,-0.30671462502663505,2.6732877238379684,0.24740631257323736
1740180686.763512,0.0,0.0,-0.0,0.0,0.0,0.0,0.20653507906146004,-0.14694659105912417,0.24871526528803417,-0.30662426572790713,2.6733561152546037,0.24738669151524204
1740180686.7714806,0.0,0.0,-0.0,0.0,0.0,0.0,0.20653280296997786,-0.14694307195662573,0.2487187488984106,-0.3066321294101874,2.6733393604867013,0.2474291279717863
1740180686.7795427,0.0,0.0,-0.0,0.0,0.0,0.0,0.20652910572429534,-0.14694529498793965,0.24871075623132388,-0.3066377080737507,2.673366441148492,0.24741455475719318
1740180686.7874913,0.0,0.0,-0.0,0.0,0.0,0.0,0.20654111931653263,-0.14693968386981784,0.24872565002634717,-0.30667214630639944,2.6733238188799335,0.2474072990026129
1740180686.7956228,0.0,0.0,-0.0,0.0,0.0,0.0,0.20653477899747869,-0.14694107643403465,0.2487178821257139,-0.3066210425870354,2.6733469594124393,0.2474356537088708
1740180686.8036258,0.0,0.0,-0.0,0.0,0.0,0.0,0.20653875802687416,-0.14693952911902952,0.24872165728323176,-0.30668123661624896,2.6733343890068557,0.24740585764832895
1740180686.8115618,0.0,0.0,-0.0,0.0,0.0,0.0,0.20653920798013042,-0.1469382430146776,0.24872279154741544,-0.30664884123379177,2.6733279939594903,0.2474308851292363
1740180686.8184402,0.0,0.0,-0.0,0.0,0.0,0.0,0.2065347031968398,-0.14694411563733645,0.24872441305881499,-0.30663609776596323,2.673340432320315,0.24737845334637285
1740180686.8271587,0.0,0.0,-0.0,0.0,0.0,0.0,0.20653578217708923,-0.14694506135888802,0.24872678238977172,-0.3066241868995556,2.673318423018202,0.24740777090772745
1740180686.8351233,0.0,0.0,-0.0,0.0,0.0,0.0,0.20653674799473004,-0.14694332111733135,0.24872498224841905,-0.30661778756350727,2.67331789058894,0.24740195007070528
1740180686.8432207,0.0,0.0,-0.0,0.0,0.0,0.0,0.20653488911548337,-0.14694168460967583,0.24872532539508524,-0.3066300882777885,2.673324093707718,0.2474016619660566
1740180686.8512225,0.0,0.0,-0.0,0.0,0.0,0.0,0.20653333295332266,-0.14693862413156228,0.24871355452235872,-0.30663081385110463,2.673365005622035,0.24746820606362913
1740180686.859231,0.0,0.0,-0.0,0.0,0.0,0.0,0.20653777689685626,-0.14694087554362323,0.24873065386132676,-0.30663505234004895,2.673303847668492,0.24741427882568504
1740180686.867058,0.0,0.0,-0.0,0.0,0.0,0.0,0.20653155869022116,-0.14694498354793853,0.24872919682293676,-0.30664930243469074,2.6733034883075795,0.24738382493696665
1740180686.8752255,0.0,0.0,-0.0,0.0,0.0,0.0,0.20653531579052292,-0.14694355726915978,0.248730060318389,-0.30661946538949153,2.673314123398371,0.247418755743658
1740180686.8832202,0.0,0.0,-0.0,0.0,0.0,0.0,0.20653844402054805,-0.14694024647579926,0.24872518615542963,-0.3066866490787888,2.673329947466963,0.24740106886045918
1740180686.8910704,0.0,0.0,-0.0,0.0,0.0,0.0,0.20654060554364456,-0.14693820622716983,0.24872914177488867,-0.3066725223328443,2.6733027818066195,0.2474201853585667
1740180686.8993356,0.0,0.0,-0.0,0.0,0.0,0.0,0.20653347135034872,-0.14694219135941183,0.24871475127298465,-0.306671370348225,2.673361332884884,0.24741184725454288
1740180686.907235,0.0,0.0,-0.0,0.0,0.0,0.0,0.20654044851669037,-0.14694045616766205,0.24872580560761573,-0.30664379484157966,2.673323417685759,0.24738468236726077
1740180686.915572,0.0,0.0,-0.0,0.0,0.0,0.0,0.2065399624343813,-0.14694055037156137,0.24872713382874712,-0.30664702069928945,2.6733225240838325,0.2474033843954131
1740180686.9236677,0.0,0.0,-0.0,0.0,0.0,0.0,0.20653515572366532,-0.14694463054190837,0.24871689986984316,-0.3066505978089147,2.673351542447671,0.24742525305924334
1740180686.9308696,0.0,0.0,-0.0,0.0,0.0,0.0,0.20653707964584417,-0.14694393541702414,0.2487353420654173,-0.3066304344766928,2.6732869272898037,0.2474146909422019
1740180686.93965,0.0,0.0,-0.0,0.0,0.0,0.0,0.20653312446563668,-0.14694074644646166,0.24872400276924406,-0.3066490683752853,2.6733193119852583,0.2474178599890131
1740180686.94766,0.0,0.0,-0.0,0.0,0.0,0.0,0.20654072776121168,-0.14694115283473663,0.24873057918907604,-0.30666148592714804,2.6732953094762126,0.24741128645260305
1740180686.9546547,0.0,0.0,-0.0,0.0,0.0,0.0,0.2065319143981118,-0.14694093497337096,0.24871801227547713,-0.3066506941425331,2.6733203737705096,0.247461649968166
1740180686.9626486,0.0,0.0,-0.0,0.0,0.0,0.0,0.20653560893207898,-0.14694045034018552,0.24872711399757647,-0.30665950270703646,2.673307653585964,0.24741241627263125
1740180686.9706457,0.0,0.0,-0.0,0.0,0.0,0.0,0.20653790004340505,-0.14694000684775088,0.2487252525861407,-0.3066488973724342,2.6733082846346687,0.24744096200287222
1740180686.9786596,0.0,0.0,-0.0,0.0,0.0,0.0,0.20653317834965274,-0.14694314279934648,0.2487250245790898,-0.30660923177678806,2.6733218243432373,0.2474240110254881
1740180686.9867485,0.0,0.0,-0.0,0.0,0.0,0.0,0.20653648492536533,-0.1469451702250092,0.2487272215948037,-0.30661098074150794,2.673324069745317,0.24740159547654364
1740180686.9947615,0.0,0.0,-0.0,0.0,0.0,0.0,0.20653437701116278,-0.14694205834985163,0.24872685314145399,-0.3066520785518398,2.6733157337765174,0.24739762632075693
1740180687.0028734,0.0,0.0,-0.0,0.0,0.0,0.0,0.20653471237769852,-0.14693995869840892,0.24872512916645428,-0.30664882567402296,2.6733250817830543,0.24742787236449806
1740180687.0113413,0.0,0.0,-0.0,0.0,0.0,0.0,0.20653893469846119,-0.14694190079364514,0.2487205906061088,-0.3066320736869198,2.673331741464251,0.24742648347053303
1740180687.01839,0.0,0.0,-0.0,0.0,0.0,0.0,0.2065388244024055,-0.14694215115918066,0.24872758675233567,-0.30663594245690823,2.6733188994485118,0.24740347672586122
1740180687.0265782,0.0,0.0,-0.0,0.0,0.0,0.0,0.20653538492442716,-0.14693669785501923,0.248728166676351,-0.30667168455412985,2.6733030586536515,0.2474170629280096
1740180687.0346053,0.0,0.0,-0.0,0.0,0.0,0.0,0.20653380183178943,-0.14694514819617735,0.2487340860952772,-0.3066086954332628,2.673283686922719,0.24739642042933124
1740180687.0433207,0.0,0.0,-0.0,0.0,0.0,0.0,0.20653918592707912,-0.14694223194461375,0.2487214387706353,-0.3066251469076317,2.6733314929335226,0.2474112086911022
1740180687.0507205,0.0,0.0,-0.0,0.0,0.0,0.0,0.20653493847706378,-0.14694398343559928,0.24872319967349266,-0.3066328144935308,2.6732986421404257,0.24741228827017242
1740180687.05874,0.0,0.0,-0.0,0.0,0.0,0.0,0.20653877126961967,-0.14694424773002931,0.2487341353338756,-0.3066432352425718,2.6732823563024035,0.24739948654821783
1740180687.067175,0.0,0.0,-0.0,0.0,0.0,0.0,0.2065372540060496,-0.14694324816086493,0.24873344142721301,-0.3066445841839772,2.673288655777966,0.24737497348921128
1740180687.074603,0.0,0.0,-0.0,0.0,0.0,0.0,0.20653372262290415,-0.14694252711162883,0.2487239979308386,-0.306628218096967,2.673322111535138,0.24738286835400192
1740180687.0826752,0.0,0.0,-0.0,0.0,0.0,0.0,0.20653685097271518,-0.1469428553226734,0.24873104245901861,-0.30664816064282324,2.6733037909745674,0.24738713435624776
1740180687.0916228,0.0,0.0,-0.0,0.0,0.0,0.0,0.20653592464137627,-0.14693807510421775,0.24872320721389196,-0.30666700206417585,2.673312024294116,0.24742363384488109
1740180687.0989668,0.0,0.0,-0.0,0.0,0.0,0.0,0.2065412595615139,-0.1469437290198516,0.24873281295488925,-0.30666965748134034,2.6732923447309784,0.24737823876699908
1740180687.1078098,0.0,0.0,-0.0,0.0,0.0,0.0,0.2065321288112464,-0.14693748905681048,0.24872042770089692,-0.30668029573716155,2.673315739147943,0.24746315609147124
1740180687.114934,0.0,0.0,-0.0,0.0,0.0,0.0,0.20654262580615854,-0.14693537626865177,0.24872295650191542,-0.30667485378305764,2.673322172261821,0.24747253111731163
1740180687.122813,0.0,0.0,-0.0,0.0,0.0,0.0,0.2065339682344999,-0.14694170214891028,0.24871866112711932,-0.30664702217066364,2.6733392320892038,0.24742607727264823
1740180687.1308796,0.0,0.0,-0.0,0.0,0.0,0.0,0.20653869400323022,-0.14694294759021953,0.24872115691226943,-0.3066474405104726,2.6733300584753854,0.24741625826795022
1740180687.139726,0.0,0.0,-0.0,0.0,0.0,0.0,0.20653705761889093,-0.14694151665990166,0.24872478402604503,-0.3066103867765585,2.673338346154149,0.24743313152072505
1740180687.1468868,0.0,0.0,-0.0,0.0,0.0,0.0,0.2065332777322016,-0.14694346670708613,0.24872528163451302,-0.30662819767699184,2.6733278438463426,0.2474189126393043
1740180687.1548803,0.0,0.0,-0.0,0.0,0.0,0.0,0.20653469462095442,-0.1469420697617918,0.24872476523585718,-0.3066382816092462,2.673308459287492,0.2474362956386466
1740180687.1627114,0.0,0.0,-0.0,0.0,0.0,0.0,0.20653455316517202,-0.14694403050409313,0.2487228150170559,-0.3066265381346529,2.6733371259514436,0.24741846901670406
1740180687.1707106,0.0,0.0,-0.0,0.0,0.0,0.0,0.20653041537328298,-0.1469433852998785,0.24872126617730683,-0.30661305703765734,2.6733311349617175,0.2474261296801626
1740180687.17871,0.0,0.0,-0.0,0.0,0.0,0.0,0.20653589264082833,-0.14694022593367934,0.24872210988685023,-0.3066296167201014,2.6733307954302687,0.24744449727201778
1740180687.186819,0.0,0.0,-0.0,0.0,0.0,0.0,0.20653964842240027,-0.14693911706181614,0.24872342400210523,-0.3066859133730425,2.6733184058928674,0.24741870693725676
1740180687.194791,0.0,0.0,-0.0,0.0,0.0,0.0,0.20653549407257704,-0.14694180822179212,0.24872284455792515,-0.30662957630625104,2.6733284679375466,0.24740385027805228
1740180687.203119,0.0,0.0,-0.0,0.0,0.0,0.0,0.2065366558120093,-0.14693852302357222,0.24872493680858404,-0.30665002604495584,2.673319504296675,0.24742470007180178
1740180687.2106345,0.0,0.0,-0.0,0.0,0.0,0.0,0.20654527990602634,-0.1469362480209364,0.24871673755843515,-0.3066939536831073,2.6733443120109777,0.2474240252594232
1740180687.218747,0.0,0.0,-0.0,0.0,0.0,0.0,0.20653540976163992,-0.14693966528552543,0.24872180450300396,-0.3066588155386831,2.673314010734805,0.24739727856213306
1740180687.2268288,0.0,0.0,-0.0,0.0,0.0,0.0,0.20652978204672853,-0.14694325988445334,0.24871978781394385,-0.30664878274200275,2.6733316334769195,0.24742097032768476
1740180687.2356503,0.0,0.0,-0.0,0.0,0.0,0.0,0.2065365032216165,-0.1469422008250417,0.24872993034219376,-0.3066472120051799,2.6732962405574217,0.24740495489614217
1740180687.243653,0.0,0.0,-0.0,0.0,0.0,0.0,0.20653336724083066,-0.14694374091726697,0.24872675873173183,-0.3066375906539035,2.6733185409792806,0.24739225742768772
1740180687.2516582,0.0,0.0,-0.0,0.0,0.0,0.0,0.20653431688231025,-0.14694741255176832,0.24873244452454862,-0.3066253344091366,2.673293684747342,0.24737368283438532
1740180687.2596548,0.0,0.0,-0.0,0.0,0.0,0.0,0.20653753999832097,-0.14694161754578114,0.2487258440249419,-0.30663336384788153,2.6733206183755898,0.24742089529800781
1740180687.2670987,0.0,0.0,-0.0,0.0,0.0,0.0,0.20653760611407038,-0.14694240967919503,0.2487256783375589,-0.30664789753071897,2.6733318562288853,0.24742243111029222
1740180687.275329,0.0,0.0,-0.0,0.0,0.0,0.0,0.20653595007534506,-0.14694585108215408,0.2487309703980389,-0.30660843605514626,2.673307159632838,0.2473918194435912
1740180687.2833326,0.0,0.0,-0.0,0.0,0.0,0.0,0.20653331626853177,-0.14694505380670084,0.24872910373748472,-0.30662715228773013,2.673299286327992,0.24740127397640935
1740180687.291361,0.0,0.0,-0.0,0.0,0.0,0.0,0.20653258765159144,-0.14694659297483997,0.2487272967980942,-0.30662180259567456,2.6733178274425202,0.24738270282556885
1740180687.2996266,0.0,0.0,-0.0,0.0,0.0,0.0,0.2065343703550812,-0.1469428493663426,0.24872486348452028,-0.3066429754436135,2.673315358552273,0.24739691045091744
1740180687.3066235,0.0,0.0,-0.0,0.0,0.0,0.0,0.20654361250963377,-0.1469386396723149,0.24872338140759373,-0.30669905467888176,2.6733167533039146,0.24741435798425554
1740180687.3150134,0.0,0.0,-0.0,0.0,0.0,0.0,0.20653265073435995,-0.1469417228669379,0.24872817887127613,-0.3066540596535514,2.67329798348739,0.24738855372788818
1740180687.3228607,0.0,0.0,-0.0,0.0,0.0,0.0,0.20653610480425388,-0.14694134535759698,0.2487139941266266,-0.3066456641773409,2.673349060140662,0.2474328960694772
1740180687.3314414,0.0,0.0,-0.0,0.0,0.0,0.0,0.20653728178762568,-0.14694396059815823,0.24872067148306298,-0.30663329419094515,2.6733288418181176,0.24742375542686548
1740180687.3394673,0.0,0.0,-0.0,0.0,0.0,0.0,0.20653216024672746,-0.1469416200916273,0.24872018755692205,-0.3066647763833964,2.673341109995507,0.24740816955083667
1740180687.3475833,0.0,0.0,-0.0,0.0,0.0,0.0,0.20653997166445567,-0.14694288808427386,0.24872568844511966,-0.3066498047785401,2.6733145039113335,0.24741351858854674
1740180687.3555717,0.0,0.0,-0.0,0.0,0.0,0.0,0.20653497698311563,-0.14694080136312165,0.2487268366100434,-0.3066760330180781,2.6733062861013455,0.24741263232151686
1740180687.3634644,0.0,0.0,-0.0,0.0,0.0,0.0,0.20653336858361768,-0.1469464418638965,0.24872909202376287,-0.30662414093575324,2.6733022605275156,0.24737989933800428
1740180687.3715677,0.0,0.0,-0.0,0.0,0.0,0.0,0.20653647420105528,-0.14694336731720462,0.2487289512492965,-0.30662235161966417,2.6733278779115275,0.24738147854673392
1740180687.3795648,0.0,0.0,-0.0,0.0,0.0,0.0,0.2065420298254559,-0.1469377960497178,0.24871985842031005,-0.306664483541952,2.673336791737239,0.2474106287188217
1740180687.3874836,0.0,0.0,-0.0,0.0,0.0,0.0,0.2065372015988413,-0.14694066313767504,0.2487315901142733,-0.3066587224026129,2.673264178692619,0.24741588260313785
1740180687.3954592,0.0,0.0,-0.0,0.0,0.0,0.0,0.20653495935319777,-0.14694110311165096,0.24872528163451302,-0.3066530862724501,2.673325264061701,0.24742023250865672
1740180687.403482,0.0,0.0,-0.0,0.0,0.0,0.0,0.20654034375517324,-0.14694465092927844,0.2487332573906284,-0.30665027594385913,2.6732812040933713,0.24736854652220608
1740180687.4106395,0.0,0.0,-0.0,0.0,0.0,0.0,0.20653877594083275,-0.1469440291513012,0.24872661537750074,-0.3066267343766015,2.6733160544493098,0.24739448257691887
1740180687.4188356,0.0,0.0,-0.0,0.0,0.0,0.0,0.20653439156215697,-0.14694585160855161,0.24872885861009092,-0.3065804877096821,2.6733221033488945,0.24739816311806606
1740180687.4269419,0.0,0.0,-0.0,0.0,0.0,0.0,0.20653504481514748,-0.1469425017434032,0.24872298170973234,-0.3066703192231549,2.6733279025341097,0.24739559164460181
1740180687.4349425,0.0,0.0,-0.0,0.0,0.0,0.0,0.2065362406737789,-0.14694352199649452,0.2487292373069136,-0.30663821505669536,2.6733110843579375,0.247390359568976
1740180687.4429967,0.0,0.0,-0.0,0.0,0.0,0.0,0.20653434205353,-0.14694447334633495,0.24872726344241547,-0.3065892743979639,2.67330895567945,0.24741358032027372
1740180687.4509418,0.0,0.0,-0.0,0.0,0.0,0.0,0.20653505971906191,-0.14694113053125776,0.2487300145537455,-0.30665220929308373,2.673291385006811,0.24740365343980386
1740180687.4589868,0.0,0.0,-0.0,0.0,0.0,0.0,0.20653939905995405,-0.1469385912231975,0.24872625841778848,-0.3066452840809041,2.673312797303202,0.2474187166581314
1740180687.4669461,0.0,0.0,-0.0,0.0,0.0,0.0,0.2065388946720562,-0.1469360749150598,0.24872230148776503,-0.30668600737644053,2.673328956557896,0.24741066271490994
1740180687.4751203,0.0,0.0,-0.0,0.0,0.0,0.0,0.20653893741994306,-0.14693540674620492,0.24872274526015567,-0.30668321853487795,2.673317725656386,0.24745624965506155
1740180687.4829404,0.0,0.0,-0.0,0.0,0.0,0.0,0.20653747071013245,-0.1469378710609887,0.2487190936763874,-0.30662853996889083,2.673348250956278,0.24743294464521606
1740180687.4909394,0.0,0.0,-0.0,0.0,0.0,0.0,0.20653138028545226,-0.14694118771140446,0.24872495514238221,-0.30662928396682615,2.6733173592594417,0.247418044174604
1740180687.4991271,0.0,0.0,-0.0,0.0,0.0,0.0,0.2065384825164719,-0.14693888607460664,0.24872377676219748,-0.3066496520645078,2.6733227133196613,0.2474263146039166
1740180687.506956,0.0,0.0,-0.0,0.0,0.0,0.0,0.20654081565541677,-0.14694116420332134,0.24873236269463683,-0.3066516772651219,2.673299745459883,0.24741500600057467
1740180687.5153127,0.0,0.0,-0.0,0.0,0.0,0.0,0.20653444477926552,-0.1469444955547416,0.24872899916172742,-0.3066325119121149,2.673291040788199,0.24739821923583014
1740180687.523243,0.0,0.0,-0.0,0.0,0.0,0.0,0.20653397581422578,-0.14694242966295895,0.24872398629259407,-0.3066354354354786,2.673314610477296,0.24745412247959298
1740180687.5312293,0.0,0.0,-0.0,0.0,0.0,0.0,0.20653651156838013,-0.14694734364890802,0.24872672685323013,-0.30662460558261745,2.6733192184488095,0.24737196809766807
1740180687.5392175,0.0,0.0,-0.0,0.0,0.0,0.0,0.2065353183072921,-0.1469419617530308,0.24872034691770234,-0.3066209386927775,2.673350059138358,0.247435410635406
1740180687.5472105,0.0,0.0,-0.0,0.0,0.0,0.0,0.20654008101147814,-0.14694390987272382,0.24874386785043867,-0.306640644427766,2.6732483978826997,0.24740468793686174
1740180687.5552287,0.0,0.0,-0.0,0.0,0.0,0.0,0.20653665236304403,-0.14694386059240636,0.24872888027133844,-0.30663388608254133,2.673297336134395,0.2474191908735537
1740180687.5632176,0.0,0.0,-0.0,0.0,0.0,0.0,0.2065335895102266,-0.14694163005489852,0.24872312608729025,-0.30662450306457173,2.6733181188727144,0.24741908847683247
1740180687.5707312,0.0,0.0,-0.0,0.0,0.0,0.0,0.2065383961618229,-0.1469423799255877,0.24871812046059272,-0.30663618608967863,2.6733540174234838,0.24741541807707584
1740180687.5787177,0.0,0.0,-0.0,0.0,0.0,0.0,0.20653478138700976,-0.14694671378959537,0.24873091089363147,-0.3066282093148885,2.6733078229020992,0.24738208509687448
1740180687.5867252,0.0,0.0,-0.0,0.0,0.0,0.0,0.2065351813378799,-0.14693775192728067,0.2487287925035956,-0.30665537468646614,2.6733063734567035,0.2474140864149879
1740180687.5943859,0.0,0.0,-0.0,0.0,0.0,0.0,0.2065393885981219,-0.14693781766635508,0.2487277183943277,-0.3066885342077114,2.673287575889117,0.24745534361452823
1740180687.602879,0.0,0.0,-0.0,0.0,0.0,0.0,0.2065379881078105,-0.14694218928284802,0.24872107845024344,-0.30666004570152255,2.6733254994766016,0.24742257725648073
1740180687.6109796,0.0,0.0,-0.0,0.0,0.0,0.0,0.2065340151412616,-0.14694198670578465,0.24873137402109974,-0.3066290144619687,2.673299558802663,0.24739317315904194
1740180687.6195142,0.0,0.0,-0.0,0.0,0.0,0.0,0.20653726307781828,-0.1469392287508417,0.24873356665275012,-0.3066705718776282,2.6732912378739346,0.24738632239703087
1740180687.626512,0.0,0.0,-0.0,0.0,0.0,0.0,0.20653652993992924,-0.14694200745784206,0.2487276248017225,-0.3066767455349049,2.6733104422000817,0.247387910271173
1740180687.6345165,0.0,0.0,-0.0,0.0,0.0,0.0,0.2065401704328469,-0.1469370301280499,0.24872393068201734,-0.3066810848236538,2.6733128309392367,0.24743085862421893
1740180687.643521,0.0,0.0,-0.0,0.0,0.0,0.0,0.20653684812592013,-0.1469396282375291,0.2487268182431526,-0.30664371891873615,2.6733156861192926,0.24740573137242905
1740180687.6515286,0.0,0.0,-0.0,0.0,0.0,0.0,0.2065324880489886,-0.14694300506156396,0.24871806759909817,-0.3066308978735854,2.6733504555421765,0.2474348076147458
1740180687.6595507,0.0,0.0,-0.0,0.0,0.0,0.0,0.20653465542135713,-0.14693872174745395,0.2487258934859009,-0.3066733883371082,2.673307362958,0.24739373687089816
1740180687.667624,0.0,0.0,-0.0,0.0,0.0,0.0,0.20654183882854762,-0.14694011737345625,0.24872902571460034,-0.30669849740339095,2.673290204197244,0.24737050834827415
1740180687.6755166,0.0,0.0,-0.0,0.0,0.0,0.0,0.2065422963817739,-0.14694314573044157,0.2487287265766956,-0.30664630115132124,2.6733182716611092,0.24739637899203248
1740180687.6825168,0.0,0.0,-0.0,0.0,0.0,0.0,0.20653205265400937,-0.1469437016079662,0.24872512227265045,-0.30663397964978584,2.6733251923005636,0.24742011380057732
1740180687.6916034,0.0,0.0,-0.0,0.0,0.0,0.0,0.20653663501496694,-0.1469380221163554,0.2487140122616742,-0.3066686766646457,2.6733523319647983,0.24742357860209804
1740180687.6997237,0.0,0.0,-0.0,0.0,0.0,0.0,0.20653612582372263,-0.14694481851716235,0.2487345085282623,-0.3066635341102515,2.6732797614185984,0.24738807179061242
1740180687.7067163,0.0,0.0,-0.0,0.0,0.0,0.0,0.20653503235833476,-0.14693741765291535,0.2487200204702902,-0.306673214192394,2.6733326485673685,0.24742948264921297
1740180687.7151866,0.0,0.0,-0.0,0.0,0.0,0.0,0.20653706686554268,-0.1469353462864148,0.24872912924496599,-0.3066763503212495,2.6732905932826116,0.24743872994163163
1740180687.7230182,0.0,0.0,-0.0,0.0,0.0,0.0,0.2065404339643963,-0.14693955508649864,0.2487270411615628,-0.30667423959793894,2.67330502073994,0.24739768642389087
1740180687.7311819,0.0,0.0,-0.0,0.0,0.0,0.0,0.2065364415856748,-0.1469390781716047,0.2487231077239918,-0.3066629665839198,2.673316848480824,0.24739994169453755
1740180687.7390277,0.0,0.0,-0.0,0.0,0.0,0.0,0.20653746753097146,-0.14693790764476153,0.24872405453829982,-0.30666721190048657,2.6733027509187526,0.2474156252830434
1740180687.7471828,0.0,0.0,-0.0,0.0,0.0,0.0,0.20653127484995137,-0.1469457156924023,0.24871586515924599,-0.3066131012397411,2.6733641987816354,0.24741725286427224
1740180687.75518,0.0,0.0,-0.0,0.0,0.0,0.0,0.20653749628501095,-0.14694568076883363,0.24873641474719937,-0.3066356171951974,2.6732795751367764,0.24737076808941177
1740180687.7631853,0.0,0.0,-0.0,0.0,0.0,0.0,0.20654105552650134,-0.1469378169066776,0.24872751760009937,-0.3066593482588022,2.6733158565558055,0.24742523326418175
1740180687.7712727,0.0,0.0,-0.0,0.0,0.0,0.0,0.20653226921773943,-0.14694057541928596,0.24872589576524962,-0.3066544722431975,2.6733128695939645,0.24741389608555503
1740180687.779277,0.0,0.0,-0.0,0.0,0.0,0.0,0.20654005361671518,-0.1469373068448896,0.24872525048861577,-0.30667912351517834,2.6733252628944486,0.24743211846761753
1740180687.7872524,0.0,0.0,-0.0,0.0,0.0,0.0,0.20653493758183694,-0.14694110726221285,0.24871672418448085,-0.3066504511304655,2.673348296327452,0.24743186534839434
1740180687.7952733,0.0,0.0,-0.0,0.0,0.0,0.0,0.20653898491747896,-0.1469389880568641,0.24872491284500317,-0.3066762197889033,2.673309114325596,0.24741558971486413
1740180687.8033292,0.0,0.0,-0.0,0.0,0.0,0.0,0.20653595466030295,-0.14693681727738872,0.24872250026023127,-0.30664476568685406,2.67332076997341,0.24742977204944552
1740180687.8111305,0.0,0.0,-0.0,0.0,0.0,0.0,0.2065363592785734,-0.14694157538540248,0.24872555315444536,-0.30665821822497835,2.67332102931466,0.24743695644416214
1740180687.819317,0.0,0.0,-0.0,0.0,0.0,0.0,0.20653663855663992,-0.14694254510602037,0.24872629230267365,-0.30666684043516523,2.67329588121819,0.24739649868733377
1740180687.8272943,0.0,0.0,-0.0,0.0,0.0,0.0,0.2065372552592521,-0.1469464190965552,0.24872321853778423,-0.30660377888531876,2.673343069721122,0.24740492402709152
1740180687.8351564,0.0,0.0,-0.0,0.0,0.0,0.0,0.20653658609260306,-0.14694491195130344,0.2487286603301524,-0.30665611261688813,2.6733026960070783,0.24740043765700012
1740180687.843311,0.0,0.0,-0.0,0.0,0.0,0.0,0.20653507517259803,-0.14693632615406813,0.24872058487413762,-0.306652570294928,2.6733399556699804,0.24744332112964199
1740180687.8513122,0.0,0.0,-0.0,0.0,0.0,0.0,0.2065390488983008,-0.14693821526977324,0.24873080431127392,-0.30667898423901974,2.6732812990457306,0.24740335379247752
1740180687.859317,0.0,0.0,-0.0,0.0,0.0,0.0,0.20654073398847358,-0.1469387072936729,0.2487290979735019,-0.3066684380930757,2.6733048806052615,0.24742522625888538
1740180687.8673127,0.0,0.0,-0.0,0.0,0.0,0.0,0.2065371788726949,-0.14694424036697934,0.2487289224321823,-0.30663488513007653,2.6733097804622177,0.24740900575137093
1740180687.8752954,0.0,0.0,-0.0,0.0,0.0,0.0,0.20654274864268712,-0.14693328488224466,0.24872509240328275,-0.3067003360679851,2.6733305286960665,0.24745779685542768
1740180687.883477,0.0,0.0,-0.0,0.0,0.0,0.0,0.20653881761851134,-0.14694050845087056,0.24873028783357795,-0.30663690421856105,2.673270965878457,0.2474191127149981
1740180687.8904705,0.0,0.0,-0.0,0.0,0.0,0.0,0.20653891493619306,-0.14694048085882871,0.24872949829293478,-0.30665626586077577,2.6733057214933034,0.24742246301135112
1740180687.898877,0.0,0.0,-0.0,0.0,0.0,0.0,0.2065349737466231,-0.14693819605037864,0.24872250026023127,-0.30666590475509625,2.6733164657006587,0.24742075283518478
1740180687.906885,0.0,0.0,-0.0,0.0,0.0,0.0,0.20653648394264104,-0.14694675261411608,0.24872938942252348,-0.3066097155691632,2.673297342577244,0.24738486066542176
1740180687.91473,0.0,0.0,-0.0,0.0,0.0,0.0,0.20653735562628656,-0.1469455369189112,0.24873164884756876,-0.30659270755289064,2.673306724774459,0.2474154310492849
1740180687.9227428,0.0,0.0,-0.0,0.0,0.0,0.0,0.20653628593766613,-0.146946227096416,0.24872634817004308,-0.3066356477503324,2.673323993444941,0.24739073468916906
1740180687.9307804,0.0,0.0,-0.0,0.0,0.0,0.0,0.20653841074835563,-0.14693836616193157,0.24872661699869697,-0.3066940787349502,2.673306662931866,0.24739736855038275
1740180687.9387324,0.0,0.0,-0.0,0.0,0.0,0.0,0.20654209503207563,-0.14693802631219607,0.24873141580258978,-0.3066572360833143,2.6732930470249436,0.24741431308433973
1740180687.9474008,0.0,0.0,-0.0,0.0,0.0,0.0,0.20653667778365367,-0.14694314336113234,0.24871529638202372,-0.3066145600563576,2.6733754049882115,0.2474219596885048
1740180687.9553792,0.0,0.0,-0.0,0.0,0.0,0.0,0.20653616936437053,-0.14694024831091285,0.24872158573989878,-0.3066519677091128,2.673338510696184,0.24743397821742538
1740180687.9631605,0.0,0.0,-0.0,0.0,0.0,0.0,0.20653722594803192,-0.14693880656607392,0.2487253150382291,-0.30665151008587216,2.673303484487179,0.2474562551708582
1740180687.971184,0.0,0.0,-0.0,0.0,0.0,0.0,0.2065349833900372,-0.14693737959652847,0.2487217356235178,-0.3066515468334405,2.673330510912585,0.2474207480397201
1740180687.9793549,0.0,0.0,-0.0,0.0,0.0,0.0,0.20653049485716785,-0.14694449571175375,0.24872103995363867,-0.3066486622339838,2.6733293012232195,0.2474127647050452
1740180687.9873183,0.0,0.0,-0.0,0.0,0.0,0.0,0.20653671326437562,-0.14694362235764794,0.24872335783055996,-0.30662073264026934,2.6733278819863084,0.24740119088480114
1740180687.9953587,0.0,0.0,-0.0,0.0,0.0,0.0,0.2065326815977221,-0.14694144709615695,0.24872257633469255,-0.30664422798409363,2.6733226834471404,0.24741837798685617
1740180688.0032034,0.0,0.0,-0.0,0.0,0.0,0.0,0.20653490096109237,-0.14693905178977976,0.24872675543985603,-0.3066664675444618,2.6733070589727426,0.2473784343348
1740180688.010424,0.0,0.0,-0.0,0.0,0.0,0.0,0.20654022077883652,-0.14693556057565746,0.24872028076714345,-0.3066913534446223,2.673320639269733,0.24740752909997568
1740180688.0191388,0.0,0.0,-0.0,0.0,0.0,0.0,0.20653126270527433,-0.14694317215447616,0.24872216742057351,-0.3066599403132847,2.673328218812221,0.24738479631901916
1740180688.0267458,0.0,0.0,-0.0,0.0,0.0,0.0,0.2065356312412625,-0.14694203839628736,0.24872091830341003,-0.30666057523329737,2.673315313270752,0.24741220758946
1740180688.035084,0.0,0.0,-0.0,0.0,0.0,0.0,0.206537327080654,-0.14694446778340586,0.248724750132085,-0.3066479172221096,2.673318174999977,0.24743071335845462
1740180688.0429761,0.0,0.0,-0.0,0.0,0.0,0.0,0.20653697229745047,-0.14693670212179138,0.24871806759909817,-0.3066560634985922,2.6733502889732175,0.2474478590442622
1740180688.0510278,0.0,0.0,-0.0,0.0,0.0,0.0,0.2065350273743082,-0.1469432844384165,0.24872103147082947,-0.30666476438641416,2.6733376785524174,0.24739938304431752
1740180688.0590293,0.0,0.0,-0.0,0.0,0.0,0.0,0.2065357264181834,-0.14694584035725733,0.24872926885869262,-0.30663748583626865,2.6732988287264305,0.2473942463075936
1740180688.067203,0.0,0.0,-0.0,0.0,0.0,0.0,0.2065340038442426,-0.14693614164600044,0.24873309836936372,-0.30667178728515176,2.6732811489091732,0.2474225026014612
1740180688.0750525,0.0,0.0,-0.0,0.0,0.0,0.0,0.20653261609250634,-0.1469476621009345,0.2487341955181791,-0.306626813287105,2.6732965665240216,0.24735348845550262
1740180688.0832038,0.0,0.0,-0.0,0.0,0.0,0.0,0.20654029197705276,-0.14693736741368074,0.24872414553324285,-0.3066764550716379,2.6733070339485185,0.24742344265945246
1740180688.0912066,0.0,0.0,-0.0,0.0,0.0,0.0,0.20653676895152917,-0.1469479888151413,0.2487191351204936,-0.30662286653926485,2.673350271015707,0.24736601800876595
1740180688.0993588,0.0,0.0,-0.0,0.0,0.0,0.0,0.20653153182006484,-0.14694470894372386,0.24872639154310544,-0.30662753102065937,2.673295658164203,0.24739936013823927
1740180688.1073387,0.0,0.0,-0.0,0.0,0.0,0.0,0.2065323309497269,-0.1469413657585032,0.24872188903159448,-0.30664153392102006,2.673347022108685,0.24743085312027258
1740180688.114931,0.0,0.0,-0.0,0.0,0.0,0.0,0.20653257804231964,-0.14694232865214854,0.24871413953605526,-0.30666638788990735,2.6733572761269233,0.2474053331938083
1740180688.1237283,0.0,0.0,-0.0,0.0,0.0,0.0,0.2065387763384666,-0.1469410738949438,0.24872455474545543,-0.3066478833136169,2.6733279547201216,0.24742417061368524
1740180688.1308148,0.0,0.0,-0.0,0.0,0.0,0.0,0.20653859566975588,-0.1469436826679787,0.24872930110394928,-0.3066396498582195,2.6733034751092357,0.24739159589598528
1740180688.1397364,0.0,0.0,-0.0,0.0,0.0,0.0,0.20653323375431973,-0.14694215803052568,0.24871558991836185,-0.306664851714552,2.673334484263868,0.24739951774428887
1740180688.1477754,0.0,0.0,-0.0,0.0,0.0,0.0,0.20653872253934757,-0.14693674294874964,0.24871673321327395,-0.3066932523644997,2.673342928713874,0.24744381026396245
1740180688.1548827,0.0,0.0,-0.0,0.0,0.0,0.0,0.2065336842256774,-0.14693656744724237,0.24871960464679882,-0.3066731180223931,2.673317477888656,0.247443412309659
1740180688.1628728,0.0,0.0,-0.0,0.0,0.0,0.0,0.20653628823496167,-0.14694137265877458,0.2487214002654028,-0.30662700093001954,2.6733355712949827,0.24742917855584232
1740180688.1717224,0.0,0.0,-0.0,0.0,0.0,0.0,0.20654214106760618,-0.1469414305233019,0.24873540195982324,-0.30667453552169727,2.673276203968143,0.24739994323412745
1740180688.1787205,0.0,0.0,-0.0,0.0,0.0,0.0,0.20653793472300458,-0.14694090905474397,0.24872410660300043,-0.3066321953551139,2.6733290759369726,0.24742708090386084
1740180688.186871,0.0,0.0,-0.0,0.0,0.0,0.0,0.2065366208026128,-0.1469441344668327,0.24872069495671767,-0.30663642502182453,2.6733373331751173,0.2474222649279383
1740180688.1955357,0.0,0.0,-0.0,0.0,0.0,0.0,0.20654352624402866,-0.14693862032182337,0.24872778452684785,-0.30668022429068925,2.673304495691149,0.24741120831967114
1740180688.2027967,0.0,0.0,-0.0,0.0,0.0,0.0,0.20653768766025749,-0.1469419252033328,0.24873035121404619,-0.3066530478705904,2.6733052367338197,0.24739418888888282
1740180688.2112482,0.0,0.0,-0.0,0.0,0.0,0.0,0.20653274049146178,-0.14694414215780943,0.24873211090194675,-0.3065889883218618,2.6733120715997094,0.24741529027318512
1740180688.2190766,0.0,0.0,-0.0,0.0,0.0,0.0,0.20654026356528796,-0.14693665313858112,0.2487231275327007,-0.30668996190711273,2.673329995677112,0.24740535807040526
1740180688.2271047,0.0,0.0,-0.0,0.0,0.0,0.0,0.20653143863703138,-0.14694357559850932,0.2487222305795312,-0.30664751471080487,2.6733432919137807,0.24742699956617553
1740180688.2351065,0.0,0.0,-0.0,0.0,0.0,0.0,0.20654093086878322,-0.14693431281038957,0.24872064952750028,-0.3066718042646331,2.673338761624672,0.2474427770824346
1740180688.2429378,0.0,0.0,-0.0,0.0,0.0,0.0,0.20653599738267697,-0.14693790982177513,0.24872534703862098,-0.30667348465996364,2.6733252207162304,0.24742063508415674
1740180688.2508445,0.0,0.0,-0.0,0.0,0.0,0.0,0.20653825738546444,-0.14694493889278418,0.2487294622476534,-0.3066281550953139,2.673293586052101,0.247405371686368
1740180688.2588856,0.0,0.0,-0.0,0.0,0.0,0.0,0.2065354645765407,-0.14694578152981747,0.24872570076086134,-0.3066596703665046,2.673323081403446,0.24740286825415841
1740180688.2671328,0.0,0.0,-0.0,0.0,0.0,0.0,0.20654080867924546,-0.14694010581839065,0.24873234908949718,-0.3066403253751055,2.673280449653059,0.24742519887599174
1740180688.2750998,0.0,0.0,-0.0,0.0,0.0,0.0,0.2065368674224152,-0.1469461252546816,0.2487263433847089,-0.3066116025989731,2.673340564403309,0.24737835371387706
1740180688.2830982,0.0,0.0,-0.0,0.0,0.0,0.0,0.20653303095977762,-0.14694321359357423,0.248728600151497,-0.30662279564488587,2.673304191093005,0.24738383705988767
1740180688.2913387,0.0,0.0,-0.0,0.0,0.0,0.0,0.2065339533873305,-0.14694576843862736,0.24872243629125662,-0.3066294842693324,2.673335822654553,0.24739745431786758
1740180688.2993755,0.0,0.0,-0.0,0.0,0.0,0.0,0.20653723062588594,-0.14694325250713514,0.2487249841234434,-0.30664471667135196,2.6733287291616246,0.24739447176502097
1740180688.3073533,0.0,0.0,-0.0,0.0,0.0,0.0,0.20654122231663158,-0.14694435610656054,0.24872574527897745,-0.30668618815239573,2.673314065980537,0.2473757131912618
1740180688.3152628,0.0,0.0,-0.0,0.0,0.0,0.0,0.20653293504641287,-0.1469477433082437,0.24872947071834128,-0.3066417057118139,2.6733019784994134,0.2473536422939838
1740180688.3230486,0.0,0.0,-0.0,0.0,0.0,0.0,0.20653500428624805,-0.14694250413314927,0.24872662032210663,-0.30665361571136845,2.673296307843558,0.24738250319276525
1740180688.3310642,0.0,0.0,-0.0,0.0,0.0,0.0,0.20653032730249007,-0.14694050659056337,0.24871594090167365,-0.3066294267403614,2.6733501037155527,0.2474306886011991
1740180688.339047,0.0,0.0,-0.0,0.0,0.0,0.0,0.20653777351024508,-0.14694088199649866,0.24872671798907509,-0.306634480598039,2.673308643509722,0.24741665420468387
1740180688.347055,0.0,0.0,-0.0,0.0,0.0,0.0,0.2065361661594449,-0.1469408787312988,0.24871988047838314,-0.3066314606563369,2.6733299223328797,0.24742228197591384
1740180688.3552082,0.0,0.0,-0.0,0.0,0.0,0.0,0.20654038241975745,-0.14694064484844488,0.24872647036560808,-0.3066853653124339,2.6732993456831595,0.24738608982576346
1740180688.3633673,0.0,0.0,-0.0,0.0,0.0,0.0,0.20654150935051688,-0.14694288298314537,0.24873616323236736,-0.30669218246110724,2.673261302885357,0.2473862034807036
1740180688.3705184,0.0,0.0,-0.0,0.0,0.0,0.0,0.2065349154914924,-0.14694094545013947,0.24872063480382162,-0.30666267435481365,2.673339051971262,0.24738562075871406
1740180688.3796678,0.0,0.0,-0.0,0.0,0.0,0.0,0.2065308809301111,-0.14694516871472807,0.24872061011755456,-0.3066208814262389,2.6733291018283794,0.24739538259215121
1740180688.3871436,0.0,0.0,-0.0,0.0,0.0,0.0,0.2065391928069643,-0.14693961872637762,0.24872414373508384,-0.3066673254662538,2.673319657528927,0.24740069267469453
1740180688.3951454,0.0,0.0,-0.0,0.0,0.0,0.0,0.20654115310094887,-0.14694312474217194,0.24872150438185,-0.30666404329024527,2.6733260461497417,0.24741700449386833
1740180688.403134,0.0,0.0,-0.0,0.0,0.0,0.0,0.206542119927947,-0.14694016715536692,0.2487282194503169,-0.3066509601501862,2.673311905896407,0.24738841571511827
1740180688.411166,0.0,0.0,-0.0,0.0,0.0,0.0,0.20653358065723637,-0.1469423877239296,0.24871764944226302,-0.3066203194729843,2.6733421011635263,0.24741867107020046
1740180688.4195426,0.0,0.0,-0.0,0.0,0.0,0.0,0.20653260352354713,-0.14694231075645436,0.24871830688387242,-0.3066422723658056,2.673335260793915,0.2473871542174816
1740180688.4274833,0.0,0.0,-0.0,0.0,0.0,0.0,0.20653338422055978,-0.14694158275190508,0.24872423768700347,-0.3066491079881394,2.6733209067872465,0.24741679728355778
1740180688.4355233,0.0,0.0,-0.0,0.0,0.0,0.0,0.20654092953056857,-0.14693858768821993,0.2487213762655103,-0.3066535817313564,2.673327146462588,0.24742971065809372
1740180688.4434495,0.0,0.0,-0.0,0.0,0.0,0.0,0.20653456138294068,-0.1469438814883261,0.24872403140769334,-0.30664582848886995,2.673321998220833,0.24742212839383726
1740180688.4514477,0.0,0.0,-0.0,0.0,0.0,0.0,0.20653570027653173,-0.14694062602207178,0.24872313684666691,-0.3066752060149257,2.6733190389426302,0.2474244189542051
1740180688.4595373,0.0,0.0,-0.0,0.0,0.0,0.0,0.20653669588688633,-0.1469424597025188,0.24872631587678856,-0.3066240299319688,2.673296860248179,0.2474328892090894
1740180688.4675434,0.0,0.0,-0.0,0.0,0.0,0.0,0.2065403197126403,-0.14693714273492153,0.24871985214829878,-0.3066380664595796,2.6733490002833222,0.24742591056391428
1740180688.4754589,0.0,0.0,-0.0,0.0,0.0,0.0,0.20653317752771672,-0.14694529683419305,0.24872764588137586,-0.3066422692840032,2.6733246905161234,0.24739536715081825
1740180688.4835618,0.0,0.0,-0.0,0.0,0.0,0.0,0.2065360940760859,-0.1469380993436116,0.24872369583223486,-0.3066653980625635,2.6733265896337834,0.24743111743973675
1740180688.490447,0.0,0.0,-0.0,0.0,0.0,0.0,0.20653640034544093,-0.14694625302961667,0.24872961365698285,-0.3066282719491054,2.6733051323593315,0.24738255557348107
1740180688.498755,0.0,0.0,-0.0,0.0,0.0,0.0,0.20653601338636327,-0.14694379593453996,0.2487317306777549,-0.3066273996868172,2.6733049742783015,0.24738359306113353
1740180688.5076396,0.0,0.0,-0.0,0.0,0.0,0.0,0.20653716346829687,-0.14694423259464978,0.2487358250682258,-0.3066421828636425,2.673286645322062,0.24739658189951966
1740180688.5145588,0.0,0.0,-0.0,0.0,0.0,0.0,0.20654475147278314,-0.14693961339002534,0.24873062640221116,-0.306668912908746,2.6733092322001326,0.2474024965992831
1740180688.5225542,0.0,0.0,-0.0,0.0,0.0,0.0,0.2065395210642909,-0.1469387782321285,0.2487346545665905,-0.30667087717513886,2.6732779148818975,0.2474063669920084
1740180688.530558,0.0,0.0,-0.0,0.0,0.0,0.0,0.20654209262965714,-0.1469431093923032,0.24874048833527462,-0.30668313835238425,2.6732535915948294,0.24735899789334279
1740180688.5385554,0.0,0.0,-0.0,0.0,0.0,0.0,0.20653592244627003,-0.14694003791255464,0.2487302667498434,-0.30668853835020965,2.6732926426757957,0.24736618029038052
1740180688.5475602,0.0,0.0,-0.0,0.0,0.0,0.0,0.20654044330442153,-0.1469408176376977,0.24872938887034352,-0.3066459738149796,2.673302789464338,0.24740241937759705
1740180688.554725,0.0,0.0,-0.0,0.0,0.0,0.0,0.20653663376390144,-0.14694251193046762,0.24872358406452022,-0.3066469338009263,2.6733196470967115,0.24740025738944402
1740180688.5625567,0.0,0.0,-0.0,0.0,0.0,0.0,0.2065344705793207,-0.14694210706476687,0.2487236913430101,-0.30664326517556967,2.673325985876114,0.24741494181749527
1740180688.5716705,0.0,0.0,-0.0,0.0,0.0,0.0,0.20653828652233386,-0.1469458442789005,0.24872976308782274,-0.3066494789105665,2.673294304419088,0.24737583666540602
1740180688.5795891,0.0,0.0,-0.0,0.0,0.0,0.0,0.20653723798812423,-0.14694642777616948,0.24872153558155488,-0.30663068573310737,2.6733247395782986,0.24739173547666674
1740180688.5875573,0.0,0.0,-0.0,0.0,0.0,0.0,0.20653757739543477,-0.146935223160822,0.2487151485891992,-0.30667623888471945,2.6733584414592566,0.24744806147971163
1740180688.5947666,0.0,0.0,-0.0,0.0,0.0,0.0,0.2065384785206895,-0.1469428728821865,0.24872789626795783,-0.30666878982974277,2.6733052866326403,0.2473899313442645
1740180688.6029181,0.0,0.0,-0.0,0.0,0.0,0.0,0.2065373414462626,-0.1469421659307359,0.24873104245901861,-0.30669876298484094,2.67329597708303,0.24737749154474012
1740180688.6108954,0.0,0.0,-0.0,0.0,0.0,0.0,0.20654052988324761,-0.1469384960888347,0.24873587669287645,-0.3066536766395653,2.6732854299536,0.24740932476743746
1740180688.6193206,0.0,0.0,-0.0,0.0,0.0,0.0,0.20653220209636192,-0.14694589833460991,0.24872643929728228,-0.3066641640892227,2.6733114859834686,0.24738363971208838
1740180688.6270669,0.0,0.0,-0.0,0.0,0.0,0.0,0.20653013558497432,-0.14694470591956316,0.24872049016976674,-0.30662518870749805,2.6733378499713414,0.2474043173501081
1740180688.6346312,0.0,0.0,-0.0,0.0,0.0,0.0,0.20653726487203666,-0.146945838726425,0.2487313045746129,-0.30662872150934106,2.673285151116641,0.24739405381291546
1740180688.6436334,0.0,0.0,-0.0,0.0,0.0,0.0,0.20653812255694293,-0.1469452177384007,0.24872530975085622,-0.3066340739084838,2.673318682019611,0.24741160627012215
1740180688.650678,0.0,0.0,-0.0,0.0,0.0,0.0,0.2065331588498355,-0.1469439299787789,0.24871380755987876,-0.30664593439977067,2.673356723458257,0.24743370274468757
1740180688.658762,0.0,0.0,-0.0,0.0,0.0,0.0,0.2065300007593709,-0.14694251352428242,0.2487207095352111,-0.30661190813875083,2.6733395573168437,0.24743232595273393
1740180688.6668284,0.0,0.0,-0.0,0.0,0.0,0.0,0.2065396915983122,-0.1469369916657943,0.24872863001896844,-0.3066924120221085,2.673300446714896,0.24738286256582828
1740180688.6750095,0.0,0.0,-0.0,0.0,0.0,0.0,0.20654092532785057,-0.14694228849807617,0.24874055831075143,-0.30666139207168175,2.673251321417702,0.24738260070242418
1740180688.6828463,0.0,0.0,-0.0,0.0,0.0,0.0,0.20653817917709716,-0.14693910492755977,0.24872034687549788,-0.3066448464598503,2.6733451390238594,0.24742188069319646
1740180688.6908422,0.0,0.0,-0.0,0.0,0.0,0.0,0.20653979464431915,-0.14693894579162414,0.24871757099113814,-0.3066420320193273,2.6733628980911526,0.2474276632946958
1740180688.6994188,0.0,0.0,-0.0,0.0,0.0,0.0,0.2065341336352196,-0.14693957231399452,0.24871802544374785,-0.30662440777423794,2.6733408108243832,0.2474554049941403
1740180688.7074182,0.0,0.0,-0.0,0.0,0.0,0.0,0.20653331605251485,-0.1469473438003722,0.2487138742896703,-0.30661266783147123,2.673372801894843,0.2473894242297017
1740180688.7151432,0.0,0.0,-0.0,0.0,0.0,0.0,0.20653928310700617,-0.14694381472604556,0.24872252728522742,-0.3066560103260324,2.6733378475617595,0.24740603930438745
1740180688.723001,0.0,0.0,-0.0,0.0,0.0,0.0,0.2065375277821357,-0.14694192494043268,0.24873267387052977,-0.3066313967184087,2.673291358433035,0.24740158455307665
1740180688.7311697,0.0,0.0,-0.0,0.0,0.0,0.0,0.20653598679916885,-0.14694448223729806,0.24872580022263296,-0.3066503494328049,2.6733178097496024,0.24741398395628794
1740180688.7390115,0.0,0.0,-0.0,0.0,0.0,0.0,0.2065344433826719,-0.14694128764403444,0.24872431373121245,-0.3066764263937281,2.6733185471304557,0.24739715322646286
1740180688.7471995,0.0,0.0,-0.0,0.0,0.0,0.0,0.20653558821117957,-0.14694064313904426,0.2487210455387094,-0.3066666048412334,2.6733272902487095,0.24744055454908673
1740180688.7548802,0.0,0.0,-0.0,0.0,0.0,0.0,0.2065357765648641,-0.14694111841159008,0.24871722984945532,-0.3066614198366164,2.673350053625207,0.24739118859125003
1740180688.762943,0.0,0.0,-0.0,0.0,0.0,0.0,0.20653505647492526,-0.14694401639319749,0.24873027217676044,-0.30663458236453073,2.6732986227440154,0.24742315017988134
1740180688.770941,0.0,0.0,-0.0,0.0,0.0,0.0,0.20653414736348868,-0.14693692971109862,0.24871955185394742,-0.30666833238465374,2.6733400230283353,0.2474391103513022
1740180688.7789423,0.0,0.0,-0.0,0.0,0.0,0.0,0.20653438750201497,-0.14694538055128378,0.2487292442095042,-0.3066098144072835,2.6733237922079827,0.24739103100849832
1740180688.7869446,0.0,0.0,-0.0,0.0,0.0,0.0,0.20654077691989547,-0.14694056051400023,0.2487250880428612,-0.30662708885008544,2.6733226336729827,0.2474515320052028
1740180688.7947807,0.0,0.0,-0.0,0.0,0.0,0.0,0.20653908494861534,-0.1469385216637359,0.24873096640497488,-0.3066763175854535,2.673300000957119,0.2474078050207253
1740180688.8031194,0.0,0.0,-0.0,0.0,0.0,0.0,0.2065346761890833,-0.14694453478357042,0.24872423153128925,-0.3066335484148448,2.673323457996567,0.24741404650570217
1740180688.811091,0.0,0.0,-0.0,0.0,0.0,0.0,0.20653636049687235,-0.14694354471295526,0.24873104245901861,-0.30666427680268804,2.6733007353833576,0.24738134134113265
1740180688.8194838,0.0,0.0,-0.0,0.0,0.0,0.0,0.20654249365251315,-0.14693372585148315,0.24873392116983828,-0.30668326905141796,2.6732678660790827,0.24743284673506533
1740180688.8266518,0.0,0.0,-0.0,0.0,0.0,0.0,0.206535087218933,-0.14694323660051842,0.2487391265329461,-0.30661356137292256,2.673262424437773,0.24741040041954718
1740180688.8354857,0.0,0.0,-0.0,0.0,0.0,0.0,0.20653412819612169,-0.14694335132226155,0.24873002807579025,-0.30662792680389894,2.6733092206036253,0.24742602602490368
1740180688.8434827,0.0,0.0,-0.0,0.0,0.0,0.0,0.20653667271491832,-0.14694223805891168,0.24872491284500317,-0.3066454054225702,2.673312106695375,0.24741298657074706
1740180688.850647,0.0,0.0,-0.0,0.0,0.0,0.0,0.2065352719748596,-0.14694224859965513,0.24872036853327323,-0.30661649960471776,2.6733272181352805,0.24740852663510707
1740180688.8591268,0.0,0.0,-0.0,0.0,0.0,0.0,0.20653671572651328,-0.14693395899675482,0.24872580030297597,-0.3066873338458366,2.6733048315269032,0.24742711943794143
1740180688.866967,0.0,0.0,-0.0,0.0,0.0,0.0,0.2065370480352826,-0.1469436343365748,0.24872135284054397,-0.30661591785533565,2.6733238312299448,0.24744011134996152
1740180688.875967,0.0,0.0,-0.0,0.0,0.0,0.0,0.206540465882942,-0.14693500895482225,0.24872909684362576,-0.3066719112838316,2.6732982893700896,0.24742101372608188
1740180688.8829672,0.0,0.0,-0.0,0.0,0.0,0.0,0.20653986540262054,-0.14693626745093938,0.24872068943190956,-0.306685232718344,2.6733357817791696,0.247414126054321
1740180688.8911276,0.0,0.0,-0.0,0.0,0.0,0.0,0.20653707012067202,-0.14694093687550627,0.24873287667930616,-0.30663137405330987,2.6732810175382005,0.24742315024121014
1740180688.8991368,0.0,0.0,-0.0,0.0,0.0,0.0,0.2065388976145177,-0.14694265013296484,0.24873422598409742,-0.3066528275393337,2.673272687470387,0.24738153265790094
1740180688.9071605,0.0,0.0,-0.0,0.0,0.0,0.0,0.20653585916317851,-0.14694207633955883,0.24872689138933435,-0.30664630565408524,2.6733041759534566,0.2474089631522245
1740180688.9146788,0.0,0.0,-0.0,0.0,0.0,0.0,0.20653806739410627,-0.14694310215981396,0.24871849940040716,-0.30665265048062085,2.6733478419570815,0.24740803240023398
1740180688.9226913,0.0,0.0,-0.0,0.0,0.0,0.0,0.20653291505909885,-0.14694584396422988,0.2487272065974765,-0.3066292747836197,2.6733174486793057,0.24737226660478637
1740180688.930699,0.0,0.0,-0.0,0.0,0.0,0.0,0.20653326764564736,-0.14693707589702154,0.2487188937806957,-0.3066998934606584,2.673319310187922,0.24741882765837586
